Product ID,Product Name,Category ID,Category Name,Category Slug,Outlet / Restaurant,Price (Rs),MRP (Rs),Discount (%),Unit,Stock,Is Available,Is Flash Deal,Is Best Seller,Tags,Image URL
"cmrubmwbl000304laafxtiuwq","American cup","cmqgzqfv70007vkider7h6e4j","Ice Cream & Desserts","ice-cream","FastKirana Darkstore (Grocery)",29,30,3,"1 Serving",99999,YES,NO,NO,"ice-cream, desserts, kulfi, cones, grocery","https://res.cloudinary.com/dbf3lhk94/image/upload/v1785554763/iw6pahmjeroijdzlixob.png"
"cmqhfj4wg000004i9xdzx7pm6","Badam Pista","cmqgzqfv70007vkider7h6e4j","Ice Cream & Desserts","ice-cream","FastKirana Darkstore (Grocery)",49,50,2,"110 ml",99999,NO,NO,NO,"ice-cream, desserts, kulfi, cones, grocery","https://res.cloudinary.com/dbf3lhk94/image/upload/v1785554697/mbwlq0xwyjpubac47yv2.png"
"cmr11i5l2000204jppwayex91","Belgium Cone","cmqgzqfv70007vkider7h6e4j","Ice Cream & Desserts","ice-cream","FastKirana Darkstore (Grocery)",49,50,2,"110 ml",0,NO,NO,NO,"ice-cream, desserts, kulfi, cones, grocery","https://res.cloudinary.com/dbf3lhk94/image/upload/v1785554636/cwh0qrqfwofsmtxsrvdj.png"
"cmqhg6i2s000004l5rre98dd1","Butterscotch","cmqgzqfv70007vkider7h6e4j","Ice Cream & Desserts","ice-cream","FastKirana Darkstore (Grocery)",124,125,1,"700 ml",99998,NO,NO,NO,"ice-cream, desserts, kulfi, cones, grocery","https://res.cloudinary.com/dbf3lhk94/image/upload/v1785554584/iuigk2lx9mk3lhr0lryi.png"
"cmsfrg5b5000e04l1yyvl0o33","Butterscotch Cone","cmqgzqfv70007vkider7h6e4j","Ice Cream & Desserts","ice-cream","FastKirana Darkstore (Grocery)",20,20,0,"1 Serving",42,YES,NO,NO,"ice-cream, desserts, kulfi, cones, grocery","https://res.cloudinary.com/dbf3lhk94/image/upload/v1785914588/tsuqnjtwrwcntoc30g40.png"
"cmqhg1ons000104l4fz9uv424","Casata","cmqgzqfv70007vkider7h6e4j","Ice Cream & Desserts","ice-cream","FastKirana Darkstore (Grocery)",49,50,2,"Qty 1",0,NO,NO,NO,"ice-cream, desserts, kulfi, cones, grocery","https://res.cloudinary.com/dbf3lhk94/image/upload/v1785554582/abx64jvvmare8n9bagd2.png"
"cmqvux86n000404icvt0duoax","Chappan Bhog","cmqgzqfv70007vkider7h6e4j","Ice Cream & Desserts","ice-cream","FastKirana Darkstore (Grocery)",149,160,7,"700 ml",0,NO,NO,NO,"ice-cream, desserts, kulfi, cones, grocery","https://res.cloudinary.com/dbf3lhk94/image/upload/v1785554744/lbh6odzuhb6y5ekabz4b.png"
"cmqvuusry000204ic8kxg6tb7","Choclate","cmqgzqfv70007vkider7h6e4j","Ice Cream & Desserts","ice-cream","FastKirana Darkstore (Grocery)",149,160,7,"700 ml",99999,YES,NO,NO,"ice-cream, desserts, kulfi, cones, grocery","https://res.cloudinary.com/dbf3lhk94/image/upload/v1785554743/ihrwpvlngx4bfug1mliy.png"
"cmqhfy8vg000004jji9091jk7","Choco Brownie Sundae","cmqgzqfv70007vkider7h6e4j","Ice Cream & Desserts","ice-cream","FastKirana Darkstore (Grocery)",49,50,2,"Qty 1",99995,YES,NO,NO,"ice-cream, grocery","https://res.cloudinary.com/dbf3lhk94/image/upload/v1785554611/oz1hzeieyoojrjj47rbu.png"
"cmr11hgh0000104jpgkcfbgk0","Choco Surprise","cmqgzqfv70007vkider7h6e4j","Ice Cream & Desserts","ice-cream","FastKirana Darkstore (Grocery)",40,40,0,"1 Serving",99999,YES,NO,NO,"ice-cream, desserts, kulfi, cones, grocery","https://res.cloudinary.com/dbf3lhk94/image/upload/v1785554776/qqxm3djh2ulneii1usbc.png"
"cmqhfd92t000204kz2rasvwig","Chocolate  Cone","cmqgzqfv70007vkider7h6e4j","Ice Cream & Desserts","ice-cream","FastKirana Darkstore (Grocery)",35,35,0,"1 Serving",1998,YES,NO,NO,"desserts, desserts, ice-cream, ice cream, kulfi, dessert, sweet, veg","https://res.cloudinary.com/dbf3lhk94/image/upload/v1785554683/qz0zourhzmeh7wjwjuun.png"
"cmqvta0yb000104ic3hvrzjni","Kruchy Twist","cmqgzqfv70007vkider7h6e4j","Ice Cream & Desserts","ice-cream","FastKirana Darkstore (Grocery)",29,30,3,"1 Serving",99995,YES,NO,NO,"ice-cream, desserts, kulfi, cones, grocery","https://res.cloudinary.com/dbf3lhk94/image/upload/v1785554746/gzrskmphvpdizwfx0suw.png"
"cmqhfxac2000204l4ncrzkkq4","Matka Kulfi","cmqgzqfv70007vkider7h6e4j","Ice Cream & Desserts","ice-cream","FastKirana Darkstore (Grocery)",59,60,2,"Qty 1",99996,YES,NO,NO,"ice-cream, desserts, kulfi, cones, grocery","https://res.cloudinary.com/dbf3lhk94/image/upload/v1785554642/djtckxl837u1632dhvbt.png"
"cmqhfu37r000004l4u8tx2von","MaxYum Almond","cmqgzqfv70007vkider7h6e4j","Ice Cream & Desserts","ice-cream","FastKirana Darkstore (Grocery)",49,50,2,"Qty 1",99999,YES,NO,NO,"ice-cream, desserts, kulfi, cones, grocery","https://res.cloudinary.com/dbf3lhk94/image/upload/v1785554770/trjktwzk9jqaw4nco22r.png"
"cmqhfr6fb000004l5gs8c9bsg","Red Velvet","cmqgzqfv70007vkider7h6e4j","Ice Cream & Desserts","ice-cream","FastKirana Darkstore (Grocery)",29,30,3,"Qty 1",99999,YES,NO,NO,"ice-cream, desserts, kulfi, cones, grocery","https://res.cloudinary.com/dbf3lhk94/image/upload/v1785554630/c6x0myqqiorg8yrnzcfn.png"
"cmqhfvjgq000104l4jzjyxrur","Shahi Mewa Kulfi","cmqgzqfv70007vkider7h6e4j","Ice Cream & Desserts","ice-cream","FastKirana Darkstore (Grocery)",29,30,3,"Qty 1",99996,YES,NO,NO,"ice-cream, desserts, kulfi, cones, grocery","https://res.cloudinary.com/dbf3lhk94/image/upload/v1785554592/mjhp39yn0bodii3l7ofu.png"
"cmqhg9l74000004i9nnt8lhxb","Shahi Tukda","cmqgzqfv70007vkider7h6e4j","Ice Cream & Desserts","ice-cream","FastKirana Darkstore (Grocery)",97,99,2,"250 ml",0,NO,NO,NO,"ice-cream, desserts, kulfi, cones, grocery","https://res.cloudinary.com/dbf3lhk94/image/upload/v1785554599/ye1h2fmolie8xi1dudcy.png"
"cmqhg55jp000304l47x2ncvoz","Strawberry","cmqgzqfv70007vkider7h6e4j","Ice Cream & Desserts","ice-cream","FastKirana Darkstore (Grocery)",124,125,1,"700 ml",99999,NO,NO,NO,"ice-cream, desserts, kulfi, cones, grocery","https://res.cloudinary.com/dbf3lhk94/image/upload/v1785554632/rhskhydd4tgbl3rklzza.png"
"cmqhfzomx000004l4urg5mgm7","Strawberry Sundae","cmqgzqfv70007vkider7h6e4j","Ice Cream & Desserts","ice-cream","FastKirana Darkstore (Grocery)",39,40,2,"Qty 1",0,YES,NO,NO,"ice-cream, desserts, kulfi, cones, grocery","https://res.cloudinary.com/dbf3lhk94/image/upload/v1785554640/si1phu17vnrh0vdqttst.png"
"cmqhfyxnn000104jjkijr9vrp","Super Duper Sundae","cmqgzqfv70007vkider7h6e4j","Ice Cream & Desserts","ice-cream","FastKirana Darkstore (Grocery)",39,40,2,"Qty 1",0,YES,NO,NO,"ice-cream, desserts, kulfi, cones, grocery","https://res.cloudinary.com/dbf3lhk94/image/upload/v1785554594/uospendt6xou6cfqcuvx.png"
"cmqhg0k8u000004l4kdo9ugla","Trixy Brownie","cmqgzqfv70007vkider7h6e4j","Ice Cream & Desserts","ice-cream","FastKirana Darkstore (Grocery)",29,30,3,"Qty 1",0,NO,NO,NO,"ice-cream, desserts, kulfi, cones, grocery","https://res.cloudinary.com/dbf3lhk94/image/upload/v1785554610/nj4d1fiinufl4y4q5oye.png"
"cmqhg5x4m000404l40ial07dy","Tuti Frutti","cmqgzqfv70007vkider7h6e4j","Ice Cream & Desserts","ice-cream","FastKirana Darkstore (Grocery)",172,175,2,"700 ml",99998,NO,NO,NO,"ice-cream, desserts, kulfi, cones, grocery","https://res.cloudinary.com/dbf3lhk94/image/upload/v1785554668/dqsvcwllalch7ucfcxqn.png"
"cmqhg46kk000204l4en3571ef","Vanilla","cmqgzqfv70007vkider7h6e4j","Ice Cream & Desserts","ice-cream","FastKirana Darkstore (Grocery)",99,100,1,"700 ml",99999,NO,NO,NO,"ice-cream, desserts, kulfi, cones, grocery","https://res.cloudinary.com/dbf3lhk94/image/upload/v1785554639/mxnhuyfwpsymfitqfe5h.png"
"cmrubrdye000004jrq5gxgmkp","Vanilla cup","cmqgzqfv70007vkider7h6e4j","Ice Cream & Desserts","ice-cream","FastKirana Darkstore (Grocery)",19,20,5,"1 Serving",99997,YES,NO,NO,"ice-cream, desserts, kulfi, cones, grocery","https://res.cloudinary.com/dbf3lhk94/image/upload/v1785554750/siyll9rk81h578lpwhd1.png"
"cmqhzcr2l000004icn0x4ex75","Vanilla Dream","cmqgzqfv70007vkider7h6e4j","Ice Cream & Desserts","ice-cream","FastKirana Darkstore (Grocery)",85,85,0,"300 ml",999,YES,NO,NO,"cold-coffee, cold-coffee, cold coffee, iced coffee, iced-coffee, coldcoffee, shake, shakes, veg","https://res.cloudinary.com/dbf3lhk94/image/upload/v1785554753/tawvlecsxybueuaiej3f.png"
"cmqhfpzwg000104kzm5mvvtfb","Waaah Aam","cmqgzqfv70007vkider7h6e4j","Ice Cream & Desserts","ice-cream","FastKirana Darkstore (Grocery)",29,30,3,"Qty 1",0,YES,NO,NO,"ice-cream, desserts, kulfi, cones, grocery","https://res.cloudinary.com/dbf3lhk94/image/upload/v1785554700/v5pj81agq5tdjql5mjlt.png"
"cmqheox3i000504kz4kdyx8cs","Campa","cmqgzqfz20008vkidoycqg5u2","Beverages & Drinks","beverages","FastKirana Darkstore (Grocery)",20,20,0,"500 ml",999,YES,NO,NO,"beverages, chilled, drinks, soft-drink, grocery","https://res.cloudinary.com/dbf3lhk94/image/upload/v1785554654/ubobrhfp0tlltygbdym8.png"
"cmt038rpx000604ie3rk0ryf1","Chocolate Horlicks ","cmqgzqfz20008vkidoycqg5u2","Beverages & Drinks","beverages","FastKirana Darkstore (Grocery)",249,249,0,"500 g",1,YES,NO,NO,"","https://res.cloudinary.com/dbf3lhk94/image/upload/v1787143740/uyh1g38mf4e103hqvgzh.jpg"
"cmqhem3yg000304kza2tpu1ba","Dew","cmqgzqfz20008vkidoycqg5u2","Beverages & Drinks","beverages","FastKirana Darkstore (Grocery)",20,20,0,"400 ml",998,YES,NO,NO,"beverages, chilled, drinks, soft-drink, grocery","https://res.cloudinary.com/dbf3lhk94/image/upload/v1785554633/yasvkmz6kebjxnrf13o2.png"
"cmqhe6s0o000004kzr37pdot9","Diet Coke","cmqgzqfz20008vkidoycqg5u2","Beverages & Drinks","beverages","FastKirana Darkstore (Grocery)",29,30,3,"1 Can",0,YES,NO,NO,"beverages, chilled, drinks, soft-drink, grocery","https://res.cloudinary.com/dbf3lhk94/image/upload/v1785554636/raa2alxv0ysrxuxujydi.png"
"cmqhe7hqy000104kzdhz09g0l","Energy Campa","cmqgzqfz20008vkidoycqg5u2","Beverages & Drinks","beverages","FastKirana Darkstore (Grocery)",29,30,3,"1 Can",99999,NO,NO,NO,"beverages, chilled, drinks, soft-drink, grocery","https://res.cloudinary.com/dbf3lhk94/image/upload/v1785554665/mmpaevfnxrm0dugcnv1u.png"
"cmqhe8e1i000204kzn7a5rs4n","Hell","cmqgzqfz20008vkidoycqg5u2","Beverages & Drinks","beverages","FastKirana Darkstore (Grocery)",58,60,3,"1 Can",999,YES,NO,NO,"beverages, chilled, drinks, soft-drink, grocery","https://res.cloudinary.com/dbf3lhk94/image/upload/v1785554598/zciiprlofrs3hc1n8gej.png"
"cmqheu2kc000004kzr9v5aq82","Maaza","cmqgzqfz20008vkidoycqg5u2","Beverages & Drinks","beverages","FastKirana Darkstore (Grocery)",49,50,2,"1 L",999,YES,NO,NO,"beverages, chilled, drinks, soft-drink, grocery","https://res.cloudinary.com/dbf3lhk94/image/upload/v1785554593/cjs2wiz9ufuvbtz7pudq.png"
"cmqheze1i000004kzr09pr2dn","Mineral Water","cmqgzqfz20008vkidoycqg5u2","Beverages & Drinks","beverages","FastKirana Darkstore (Grocery)",18,20,10,"1 L",999,YES,NO,NO,"beverages, chilled, drinks, soft-drink, grocery","https://res.cloudinary.com/dbf3lhk94/image/upload/v1785554637/lmiwscno0xzbpazpvz8h.png"
"cmqhemxbd000404kzqufrnq4r","Pepsi ","cmqgzqfz20008vkidoycqg5u2","Beverages & Drinks","beverages","FastKirana Darkstore (Grocery)",20,20,0,"400 ml",997,YES,NO,NO,"beverages, chilled, drinks, soft-drink, grocery","https://res.cloudinary.com/dbf3lhk94/image/upload/v1785554619/emmumztgo4vgyqxu7pmb.png"
"cmqtenvc8000104lbqimtdi3k","Real Activ Coconut Water","cmqgzqfz20008vkidoycqg5u2","Beverages & Drinks","beverages","FastKirana Darkstore (Grocery)",114,178,36,"1 litre",2,YES,NO,NO,"beverages, chilled, drinks, soft-drink, grocery","https://res.cloudinary.com/dbf3lhk94/image/upload/v1785554686/tqdho0qqycy2gdtokw2o.png"
"cmqtevf5f000005jogeuk28q5","Real Fruit Power Masala Mixed Fruit","cmqgzqfz20008vkidoycqg5u2","Beverages & Drinks","beverages","FastKirana Darkstore (Grocery)",119,150,21,"1 litre",999,YES,NO,NO,"beverages, chilled, drinks, soft-drink, grocery","https://res.cloudinary.com/dbf3lhk94/image/upload/v1785554722/zaaz30he9omlz7gloxwh.jpg"
"cmrjn0rdo000104jlx8mdm34e","Red Bull","cmqgzqfz20008vkidoycqg5u2","Beverages & Drinks","beverages","FastKirana Darkstore (Grocery)",119,125,5,"250 ml",999,YES,NO,NO,"beverages, chilled, drinks, soft-drink, grocery","https://res.cloudinary.com/dbf3lhk94/image/upload/v1785554760/ijeuoi2xbsezkuninbhn.png"
"cmqhehn8z000004jsfdy91wjy","Sprite","cmqgzqfz20008vkidoycqg5u2","Beverages & Drinks","beverages","FastKirana Darkstore (Grocery)",20,20,0,"250 ml",999,YES,NO,NO,"beverages, chilled, drinks, soft-drink, grocery","https://res.cloudinary.com/dbf3lhk94/image/upload/v1785554642/ud6py4yiae2zid5ei2ib.png"
"cmqhejcye000004kz09h2u7bt","Thumsup","cmqgzqfz20008vkidoycqg5u2","Beverages & Drinks","beverages","FastKirana Darkstore (Grocery)",49,50,2,"1 L",998,YES,NO,NO,"beverages, chilled, drinks, soft-drink, grocery","https://res.cloudinary.com/dbf3lhk94/image/upload/v1785554604/fj8axi85btjpzntq4yln.png"
"cmqkyciyn000004iomgn3dk0h","Arbi (Ghuiya)","cmqh1haw30000zcid4vj7i1yj","Fruits & Vegetables","fruits-vegetables","FastKirana Darkstore (Grocery)",35,40,13,"",98,YES,NO,NO,"","https://res.cloudinary.com/dbf3lhk94/image/upload/v1785554765/t77mkvaocewp0ew6hdpg.png"
"cmqijdhjm000004l1zaxjnje6","Banana","cmqh1haw30000zcid4vj7i1yj","Fruits & Vegetables","fruits-vegetables","FastKirana Darkstore (Grocery)",70,80,13,"1 Dozen",29,YES,NO,NO,"fresh, fruits, vegetables, breakfast","https://res.cloudinary.com/dbf3lhk94/image/upload/v1785554810/gpaesqor1wg8hww4sq6v.png"
"cmqkw9dai000004k12ylwet53","Bhindi","cmqh1haw30000zcid4vj7i1yj","Fruits & Vegetables","fruits-vegetables","FastKirana Darkstore (Grocery)",25,30,17,"",95,YES,NO,NO,"","https://res.cloudinary.com/dbf3lhk94/image/upload/v1785554705/ki09z19vy5yuoizrdh0n.png"
"cmqktomuu000004l2z5d49u8r","Bottle guard ( Lauki)","cmqh1haw30000zcid4vj7i1yj","Fruits & Vegetables","fruits-vegetables","FastKirana Darkstore (Grocery)",15,20,25,"",90,YES,NO,NO,"","https://res.cloudinary.com/dbf3lhk94/image/upload/v1785554706/as5xjmbjjqxjml31bd7r.jpg"
"cmqku03pl000004l2zfpre4or","Cabbage  (Bandha)","cmqh1haw30000zcid4vj7i1yj","Fruits & Vegetables","fruits-vegetables","FastKirana Darkstore (Grocery)",45,50,10,"1 pcs",48,YES,NO,NO,"","https://res.cloudinary.com/dbf3lhk94/image/upload/v1785554622/zkscop6lzs8cbtcbiwjh.jpg"
"cmqkv8bo1000004l5xv73vhgc","Capsicum (Shimla)","cmqh1haw30000zcid4vj7i1yj","Fruits & Vegetables","fruits-vegetables","FastKirana Darkstore (Grocery)",35,40,13,"",97,YES,NO,NO,"","https://res.cloudinary.com/dbf3lhk94/image/upload/v1785554699/wglss4icytepw3m4ld6l.png"
"cmqkvhik6000004l5gb0d05y1","Carrot ( Gajar)","cmqh1haw30000zcid4vj7i1yj","Fruits & Vegetables","fruits-vegetables","FastKirana Darkstore (Grocery)",35,40,13,"",98,YES,NO,NO,"","https://res.cloudinary.com/dbf3lhk94/image/upload/v1785554702/xb3uywzr3skmzvvjojdo.png"
"cmqky7val000104l8zcpiqth6","Cauliflower (Gobhi)","cmqh1haw30000zcid4vj7i1yj","Fruits & Vegetables","fruits-vegetables","FastKirana Darkstore (Grocery)",70,80,13,"1 pcs",0,YES,NO,NO,"","https://res.cloudinary.com/dbf3lhk94/image/upload/v1785554696/wwgycuzk15hogk3pwjef.png"
"cmqknhwh9000004i82podj2w7","Cucumber  (Kheera)","cmqh1haw30000zcid4vj7i1yj","Fruits & Vegetables","fruits-vegetables","FastKirana Darkstore (Grocery)",70,80,13,"1 pc",100,YES,NO,NO,"","https://res.cloudinary.com/dbf3lhk94/image/upload/v1785554692/npprv3bcy9wafn8uocpa.jpg"
"cmqj19zrs000004lb405f3g1n","Dragon Fruit ","cmqh1haw30000zcid4vj7i1yj","Fruits & Vegetables","fruits-vegetables","FastKirana Darkstore (Grocery)",80,85,6,"1 pc ",47,YES,NO,NO,"fresh, fruits, vegetables","https://res.cloudinary.com/dbf3lhk94/image/upload/v1785554690/puexgq3mqca1e1dadg1k.png"
"cmqij41kj000004l7zi217u83","Fresh Apples","cmqh1haw30000zcid4vj7i1yj","Fruits & Vegetables","fruits-vegetables","FastKirana Darkstore (Grocery)",230,250,8,"1 kg",37,YES,NO,NO,"fresh, fruits, vegetables, breakfast","https://res.cloudinary.com/dbf3lhk94/image/upload/v1785554669/tkxz8ldt0v7ocdfw9wih.png"
"cmqkvkbn2000104l5tksmvbmy","Garlic (Lahsun)","cmqh1haw30000zcid4vj7i1yj","Fruits & Vegetables","fruits-vegetables","FastKirana Darkstore (Grocery)",65,80,19,"",30,YES,NO,NO,"","https://res.cloudinary.com/dbf3lhk94/image/upload/v1785554760/zmnpifqoxuw5soumn6nf.png"
"cmqknppqv000004i8rog9jorb","Ginger (Adrak)","cmqh1haw30000zcid4vj7i1yj","Fruits & Vegetables","fruits-vegetables","FastKirana Darkstore (Grocery)",50,60,17,"1 pc",97,YES,NO,NO,"","https://res.cloudinary.com/dbf3lhk94/image/upload/v1785554691/dcfdy5owmwsjnmgdstuq.jpg"
"cmqj1djwx000104lbs9z4mcr9","Grapes(Angoor)","cmqh1haw30000zcid4vj7i1yj","Fruits & Vegetables","fruits-vegetables","FastKirana Darkstore (Grocery)",160,165,3,"1kg",47,YES,NO,NO,"","https://res.cloudinary.com/dbf3lhk94/image/upload/v1785554684/snbwpzom9troovchwsqu.png"
"cmqkwd383000004l1c9xtga57","Green Brinjal (Baigan)","cmqh1haw30000zcid4vj7i1yj","Fruits & Vegetables","fruits-vegetables","FastKirana Darkstore (Grocery)",25,30,17,"",96,YES,NO,NO,"","https://res.cloudinary.com/dbf3lhk94/image/upload/v1785554786/nj2vljo9ynspxfmqqlrx.png"
"cmqktjc3n000004ldxa279qoe","Green Chili (Hari Mirch)","cmqh1haw30000zcid4vj7i1yj","Fruits & Vegetables","fruits-vegetables","FastKirana Darkstore (Grocery)",25,30,17,"",96,YES,NO,NO,"","https://res.cloudinary.com/dbf3lhk94/image/upload/v1785554751/y5ttqtbzex12filmom2q.jpg"
"cmqktxom8000004ibncjatoqx","Green Corriander (Hari Dhaniya)","cmqh1haw30000zcid4vj7i1yj","Fruits & Vegetables","fruits-vegetables","FastKirana Darkstore (Grocery)",15,20,25,"",137,YES,NO,NO,"","https://res.cloudinary.com/dbf3lhk94/image/upload/v1785554783/rthgwk5dvsnch0ze8cf2.png"
"cmsszxwzw000204ju8z4ltmp7","Kiwi","cmqh1haw30000zcid4vj7i1yj","Fruits & Vegetables","fruits-vegetables","FastKirana Darkstore (Grocery)",110,120,8,"4 piece",95,YES,NO,NO,"fresh, produce","https://res.cloudinary.com/dbf3lhk94/image/upload/v1786714931/c1vzsxaemvp4gyrohxry.png"
"cmqkw3x24000004l1iaczr6wx","Lemon ( Nimboo)","cmqh1haw30000zcid4vj7i1yj","Fruits & Vegetables","fruits-vegetables","FastKirana Darkstore (Grocery)",20,25,20,"",137,YES,NO,NO,"","https://res.cloudinary.com/dbf3lhk94/image/upload/v1785554617/e4bemcuyic0lnfmzy8ex.png"
"cmqj0wlgv000004l73497qs1g","Mango(Dasehri Aam)","cmqh1haw30000zcid4vj7i1yj","Fruits & Vegetables","fruits-vegetables","FastKirana Darkstore (Grocery)",59,65,9,"1 kg",46,NO,NO,NO,"fresh, fruits, vegetables","https://res.cloudinary.com/dbf3lhk94/image/upload/v1785554621/wmvhdqrgcjgjaqwbw2kp.jpg"
"cmqj0ojv4000004l2g2zys19f","Mango(Tota  Aam)","cmqh1haw30000zcid4vj7i1yj","Fruits & Vegetables","fruits-vegetables","FastKirana Darkstore (Grocery)",50,55,9,"1 kg",50,NO,NO,NO,"fresh, fruits, vegetables","https://res.cloudinary.com/dbf3lhk94/image/upload/v1785554676/lpnusyr4rzxrzsrkkzoa.jpg"
"cmqj0q4vb000104l2fcfjp2lh","Musambi ","cmqh1haw30000zcid4vj7i1yj","Fruits & Vegetables","fruits-vegetables","FastKirana Darkstore (Grocery)",80,85,6,"1 kg",49,YES,NO,NO,"fresh, fruits, vegetables","https://res.cloudinary.com/dbf3lhk94/image/upload/v1785554677/wcuhlkedrcihlcyqqbjs.png"
"cmqj10vnw000204l2uf9t6q4l","Nariyal Gari","cmqh1haw30000zcid4vj7i1yj","Fruits & Vegetables","fruits-vegetables","FastKirana Darkstore (Grocery)",50,55,9,"1 Pc",49,YES,NO,NO,"fresh, fruits, vegetables","https://res.cloudinary.com/dbf3lhk94/image/upload/v1785554660/l0rttxqgyvecsozofsa5.png"
"cmqj12r6i000004k0y7i9qq01","Nariyal Pani ","cmqh1haw30000zcid4vj7i1yj","Fruits & Vegetables","fruits-vegetables","FastKirana Darkstore (Grocery)",89,99,10,"1 pc",8,YES,NO,NO,"fresh, fruits, vegetables","https://res.cloudinary.com/dbf3lhk94/image/upload/v1785554703/vv9usmx3dw5oclt94svw.png"
"cmqkvcaz4000004l1nzolysqj","Onion ( Pyaaz)","cmqh1haw30000zcid4vj7i1yj","Fruits & Vegetables","fruits-vegetables","FastKirana Darkstore (Grocery)",25,30,17,"",14,YES,NO,NO,"","https://res.cloudinary.com/dbf3lhk94/image/upload/v1785554785/egep1z5zeayml7uip6in.png"
"cmqj05ijt000004kzbm9qxmoy","Orange ","cmqh1haw30000zcid4vj7i1yj","Fruits & Vegetables","fruits-vegetables","FastKirana Darkstore (Grocery)",140,145,3,"1 kg",49,YES,NO,NO,"fresh, fruits, vegetables","https://res.cloudinary.com/dbf3lhk94/image/upload/v1785554661/xsxejckmgbehzezamur4.png"
"cmqky6ixi000004l8cyukixz8","Parwal","cmqh1haw30000zcid4vj7i1yj","Fruits & Vegetables","fruits-vegetables","FastKirana Darkstore (Grocery)",35,40,13,"",157,YES,NO,NO,"","https://res.cloudinary.com/dbf3lhk94/image/upload/v1785554802/xgbvqpnyxhwikzk69utc.png"
"cmqj1q790000004l1l1jxjv6i","Pineapple ( Ananas)","cmqh1haw30000zcid4vj7i1yj","Fruits & Vegetables","fruits-vegetables","FastKirana Darkstore (Grocery)",80,85,6,"1 pc",50,YES,NO,NO,"fresh, fruits, vegetables","https://res.cloudinary.com/dbf3lhk94/image/upload/v1785554689/f6n3kc6tly1hl3621bs1.png"
"cmqizrvzf000004kyjzisnswi","Pomegranate(Anaar)","cmqh1haw30000zcid4vj7i1yj","Fruits & Vegetables","fruits-vegetables","FastKirana Darkstore (Grocery)",149,160,7,"1 kg",42,YES,NO,NO,"fresh, fruits, vegetables","https://res.cloudinary.com/dbf3lhk94/image/upload/v1785554712/upu3gn2lqtu99wwhlax7.png"
"cmqkn5ukr000004i8qzte3gk6","Potato (Aalo)","cmqh1haw30000zcid4vj7i1yj","Fruits & Vegetables","fruits-vegetables","FastKirana Darkstore (Grocery)",25,30,17,"1 pc",92,YES,NO,NO,"","https://res.cloudinary.com/dbf3lhk94/image/upload/v1785554782/djak7c6tb5qddtwrmsqo.png"
"cmqkts44z000004jldomcvr33","Pumpkin ( Kaddu)","cmqh1haw30000zcid4vj7i1yj","Fruits & Vegetables","fruits-vegetables","FastKirana Darkstore (Grocery)",15,20,25,"",94,YES,NO,NO,"","https://res.cloudinary.com/dbf3lhk94/image/upload/v1785554701/qe6vziuwr6fr9owctru8.jpg"
"cmqkwkgnz000004l8ljmh1hcb","Purple Brinjal ( Baigan)","cmqh1haw30000zcid4vj7i1yj","Fruits & Vegetables","fruits-vegetables","FastKirana Darkstore (Grocery)",40,35,0,"",100,YES,NO,NO,"","https://res.cloudinary.com/dbf3lhk94/image/upload/v1785554716/cyv4ke02mzxmyhmg6vos.png"
"cmqknc86a000004l14k1zhdmk","Tomato ( Tamatar)","cmqh1haw30000zcid4vj7i1yj","Fruits & Vegetables","fruits-vegetables","FastKirana Darkstore (Grocery)",50,60,17,"1 pc",92,YES,NO,NO,"","https://res.cloudinary.com/dbf3lhk94/image/upload/v1785554812/vok05o30ph2kzymrczxk.png"
"cmqte4wuk000004jmx86hs0pz","Bikaji Bhelpuri","cmqh1hb920002zcidoywpi240","Snacks & Munchies","snacks-munchies","FastKirana Darkstore (Grocery)",48,50,4,"110 g",9,YES,NO,YES,"late-night","https://res.cloudinary.com/dbf3lhk94/image/upload/v1785554730/e3eq2j9dyuwaxlspl6hb.png"
"cmqtfgjvb000004l2xaocex0u","Bikano Aloo Bhujia","cmqh1hb920002zcidoywpi240","Snacks & Munchies","snacks-munchies","FastKirana Darkstore (Grocery)",243,299,19,"1 kg",0,YES,YES,NO,"","https://res.cloudinary.com/dbf3lhk94/image/upload/v1785554679/vi6qemi81b1hpn5mm8w1.jpg"
"cmrelajg8000104l5fpbkpkzn","Bikano Diet Mixture Namkeen ","cmqh1hb920002zcidoywpi240","Snacks & Munchies","snacks-munchies","FastKirana Darkstore (Grocery)",199,225,12,"1 kg",1,YES,YES,NO,"","https://res.cloudinary.com/dbf3lhk94/image/upload/v1785554607/c2rcrze42tqpium5grll.jpg"
"cmqtf84xs000004l509yt28pd","Bikano Navratan Mixture","cmqh1hb920002zcidoywpi240","Snacks & Munchies","snacks-munchies","FastKirana Darkstore (Grocery)",225,285,21,"1 kg",0,YES,NO,NO,"","https://res.cloudinary.com/dbf3lhk94/image/upload/v1785554720/qazz1svhetwwxirtmetf.jpg"
"cmrel7w6a000104l4z0cm589r","Bikano Tasty Spicy Coated Peanuts Namkeen","cmqh1hb920002zcidoywpi240","Snacks & Munchies","snacks-munchies","FastKirana Darkstore (Grocery)",279,299,7,"1 kg",1,YES,YES,NO,"","https://res.cloudinary.com/dbf3lhk94/image/upload/v1785554597/sgubvzzs56oezdaavexl.webp"
"cmsexlbo5000304jxtrf6b8vy","Bingo Mad Angles Achari Masti","cmqh1hb920002zcidoywpi240","Snacks & Munchies","snacks-munchies","FastKirana Darkstore (Grocery)",49,50,2,"",0,YES,NO,NO,"","https://res.cloudinary.com/dbf3lhk94/image/upload/v1785864378/k3rzxam00xw6esa5hw6x.jpg"
"cmqtcj98g000004l2dqk7g7c9","Bingo Tedhe Medhe","cmqh1hb920002zcidoywpi240","Snacks & Munchies","snacks-munchies","FastKirana Darkstore (Grocery)",20,20,0,"1 Packet",7,YES,NO,NO,"late-night","https://res.cloudinary.com/dbf3lhk94/image/upload/v1785554728/mdtjwibywbkjqmo3q2sw.jpg"
"cmsf0c6mk000105gyjifczmhp","Britannia Bourbon","cmqh1hb920002zcidoywpi240","Snacks & Munchies","snacks-munchies","FastKirana Darkstore (Grocery)",40,40,0,"",6,YES,NO,NO,"","https://res.cloudinary.com/dbf3lhk94/image/upload/v1785869052/qh4ngldflbqoc7rbpikj.png"
"cmsf296bq000104juk3ref4yl","Britannia Choco Chill Cake","cmqh1hb920002zcidoywpi240","Snacks & Munchies","snacks-munchies","FastKirana Darkstore (Grocery)",30,30,0,"100 g",44,YES,NO,NO,"snacks, snacks-munchies, cakes","https://res.cloudinary.com/dbf3lhk94/image/upload/v1785872284/oisp3phbbodeqklvsaad.png"
"cmsf2agj5000204jut7vuss78","Britannia Fruity Fun Cake","cmqh1hb920002zcidoywpi240","Snacks & Munchies","snacks-munchies","FastKirana Darkstore (Grocery)",15,15,0,"",59,YES,NO,NO,"snacks, snacks-munchies, cakes","https://res.cloudinary.com/dbf3lhk94/image/upload/v1785872340/fbrdiqdrobpnaqhw03wu.png"
"cmseyabfq000104lapc1iwm5d","Britannia Good Day ","cmqh1hb920002zcidoywpi240","Snacks & Munchies","snacks-munchies","FastKirana Darkstore (Grocery)",40,40,0,"248 g",12,YES,NO,NO,"","https://res.cloudinary.com/dbf3lhk94/image/upload/v1785865614/h4daugweasxid8oculks.png"
"cmsezwfcu000204l3bkowjw65","Britannia Marie Gold","cmqh1hb920002zcidoywpi240","Snacks & Munchies","snacks-munchies","FastKirana Darkstore (Grocery)",40,40,0,"",6,YES,NO,NO,"","https://res.cloudinary.com/dbf3lhk94/image/upload/v1785868299/yldghu04jnhbevsnx0aq.jpg"
"cms33n48n000a04l4ceuermpo","Britannia Pure Magic Cookie","cmqh1hb920002zcidoywpi240","Snacks & Munchies","snacks-munchies","FastKirana Darkstore (Grocery)",159,170,6,"22 cookies",0,YES,NO,NO,"","https://res.cloudinary.com/dbf3lhk94/image/upload/v1785148975/rizi0gywoyd0xhuhchw2.jpg"
"cms356tgf000o04jxeh99206q","Cadbury Mini Treats","cmqh1hb920002zcidoywpi240","Snacks & Munchies","snacks-munchies","FastKirana Darkstore (Grocery)",125,133,6,"15 units",0,YES,NO,NO,"","https://res.cloudinary.com/dbf3lhk94/image/upload/v1785151569/r1hthvf75yubgxhzptl7.png"
"cmsexp6ar000204jyjx9xwmo6","Chocos Multigrain","cmqh1hb920002zcidoywpi240","Snacks & Munchies","snacks-munchies","FastKirana Darkstore (Grocery)",75,75,0,"127 g",2,YES,NO,NO,"","https://res.cloudinary.com/dbf3lhk94/image/upload/v1785864552/hmvvn0fxnbrq0ar8zjyd.png"
"cmqhfoca3000004kzzeo89uce","Cookie Chips","cmqh1hb920002zcidoywpi240","Snacks & Munchies","snacks-munchies","FastKirana Darkstore (Grocery)",39,40,3,"110 ml",0,NO,NO,NO,"ice-cream, desserts, kulfi, cones, grocery, snacks-munchies","https://res.cloudinary.com/dbf3lhk94/image/upload/v1785554634/wnvkmr3hfi6ocuod1ob4.png"
"cmqteaon8000004l2mu6ehzy5","Haldiram Bhelpuri","cmqh1hb920002zcidoywpi240","Snacks & Munchies","snacks-munchies","FastKirana Darkstore (Grocery)",39,47,17,"110 g",0,YES,NO,YES,"late-night","https://res.cloudinary.com/dbf3lhk94/image/upload/v1785554788/tnrkzl2eebsev8j0egbr.png"
"cmsg0yvp8000504ihk5abkn3d","Haldiram's All In One ","cmqh1hb920002zcidoywpi240","Snacks & Munchies","snacks-munchies","FastKirana Darkstore (Grocery)",60,60,0,"",4,YES,NO,NO,"Namkeen","https://res.cloudinary.com/dbf3lhk94/image/upload/v1785930541/xucpkyri2m5t9t2yrojp.png"
"cmsg1w55s000104jipnu83cwo","Haldiram's Aloo Bhujia","cmqh1hb920002zcidoywpi240","Snacks & Munchies","snacks-munchies","FastKirana Darkstore (Grocery)",55,55,0,"",5,YES,NO,NO,"Namkeen","https://res.cloudinary.com/dbf3lhk94/image/upload/v1785932144/fhiup6zce6zvk5jz85u6.jpg"
"cmsg0lq54000104l4m8d4wvio","Haldiram's Bhujia","cmqh1hb920002zcidoywpi240","Snacks & Munchies","snacks-munchies","FastKirana Darkstore (Grocery)",60,60,0,"",6,YES,NO,NO,"Namkeen","https://res.cloudinary.com/dbf3lhk94/image/upload/v1785929958/wivpkwwxxihvyhhiopqm.png"
"cmsg28viv000a04ju82rybp9p","Haldiram's Boondi ","cmqh1hb920002zcidoywpi240","Snacks & Munchies","snacks-munchies","FastKirana Darkstore (Grocery)",55,55,0,"200 g",1,YES,NO,NO,"Namkeen","https://res.cloudinary.com/dbf3lhk94/image/upload/v1785932700/shyxx0r1areuxo81rz7l.png"
"cmsg06sig001i04jp5tz8m99r","Haldiram's CornFlakes Mixture ","cmqh1hb920002zcidoywpi240","Snacks & Munchies","snacks-munchies","FastKirana Darkstore (Grocery)",80,80,0,"",6,YES,NO,NO,"Namkeen","https://res.cloudinary.com/dbf3lhk94/image/upload/v1785929281/q0jzie8irh4nkrlrux8n.webp"
"cmsg1g553000p04i3e3k3qlrz","Haldiram's Kaju Mixture ","cmqh1hb920002zcidoywpi240","Snacks & Munchies","snacks-munchies","FastKirana Darkstore (Grocery)",100,100,0,"",5,YES,NO,NO,"Namkeen","https://res.cloudinary.com/dbf3lhk94/image/upload/v1785931394/r5qkturrffuydr6z4qro.png"
"cmsg176lf000804i3kqt5sa4v","Haldiram's Kashmiri Mixture ","cmqh1hb920002zcidoywpi240","Snacks & Munchies","snacks-munchies","FastKirana Darkstore (Grocery)",90,90,0,"",5,YES,NO,NO,"Namkeen","https://res.cloudinary.com/dbf3lhk94/image/upload/v1785930830/og8kcqx4hr4ofp7c4eob.png"
"cmsg1kar7000704kw9vtoryry","Haldiram's Khatta Meetha","cmqh1hb920002zcidoywpi240","Snacks & Munchies","snacks-munchies","FastKirana Darkstore (Grocery)",50,50,0,"",6,YES,NO,NO,"Namkeen","https://res.cloudinary.com/dbf3lhk94/image/upload/v1785931592/akye0ehvxnkry48kdtjh.jpg"
"cmsg2a4iz000j04jurjo2da84","Haldiram's Masala Boondi","cmqh1hb920002zcidoywpi240","Snacks & Munchies","snacks-munchies","FastKirana Darkstore (Grocery)",55,55,0,"200 g",2,YES,NO,NO,"Namkeen","https://res.cloudinary.com/dbf3lhk94/image/upload/v1785932787/jn9hbwlx9a2cepeigusz.png"
"cmsg0arig001l04jp9pyc2wnt","Haldiram's Moongfali Dal","cmqh1hb920002zcidoywpi240","Snacks & Munchies","snacks-munchies","FastKirana Darkstore (Grocery)",60,60,0,"",5,YES,NO,NO,"Namkeen","https://res.cloudinary.com/dbf3lhk94/image/upload/v1785929470/yxnhsprhss4ebwi0jbho.png"
"cmsg0efv0000e04ldgfgakgpu","Haldiram's Navrattan","cmqh1hb920002zcidoywpi240","Snacks & Munchies","snacks-munchies","FastKirana Darkstore (Grocery)",50,50,0,"",6,YES,NO,NO,"Namkeen","https://res.cloudinary.com/dbf3lhk94/image/upload/v1785929596/tdisjsybi6soldwyadas.jpg"
"cmsg0ueyq000204ih9m2ie9na","Haldiram's Nut Cracker ","cmqh1hb920002zcidoywpi240","Snacks & Munchies","snacks-munchies","FastKirana Darkstore (Grocery)",55,55,0,"",5,YES,NO,NO,"Namkeen","https://res.cloudinary.com/dbf3lhk94/image/upload/v1785930384/fmnkh7lgxwerrr1embmb.webp"
"cmsg22p4t000604juo2cquglu","Haldiram's Nut Crusher","cmqh1hb920002zcidoywpi240","Snacks & Munchies","snacks-munchies","FastKirana Darkstore (Grocery)",65,65,0,"200 g",3,YES,NO,NO,"Namkeen","https://res.cloudinary.com/dbf3lhk94/image/upload/v1785932453/p3rhw9aga3i3ojszskf2.jpg"
"cmsg0pstz001p04jpuc18hopt","Haldiram's Panchratan","cmqh1hb920002zcidoywpi240","Snacks & Munchies","snacks-munchies","FastKirana Darkstore (Grocery)",100,100,0,"",6,YES,NO,NO,"Namkeen","https://res.cloudinary.com/dbf3lhk94/image/upload/v1785930170/fcebox7xrjmkck1hceso.png"
"cmsg1a35o001504ldwd7zmy9l","Haldiram's Shahi Dal Biji","cmqh1hb920002zcidoywpi240","Snacks & Munchies","snacks-munchies","FastKirana Darkstore (Grocery)",65,65,0,"",6,YES,NO,NO,"Namkeen","https://res.cloudinary.com/dbf3lhk94/image/upload/v1785931113/dvolk6og6fqryce4woxt.jpg"
"cmseyjkwg000404lacwj6bqsj","Haldiram's Soan Papdi","cmqh1hb920002zcidoywpi240","Snacks & Munchies","snacks-munchies","FastKirana Darkstore (Grocery)",320,320,0,"1 kg",6,YES,NO,NO,"","https://res.cloudinary.com/dbf3lhk94/image/upload/v1785866051/r9vlykzsvzfbal3wla6n.png"
"cmreofrw4000004jvy9ueeesm","Lotte Choco Pie","cmqh1hb920002zcidoywpi240","Snacks & Munchies","snacks-munchies","FastKirana Darkstore (Grocery)",159,180,12,"336 g",1,YES,YES,NO,"","https://res.cloudinary.com/dbf3lhk94/image/upload/v1785554663/knh1xtphcxedo9ydaknw.jpg"
"cmseypfxd000804laak2p1cgx","Namaste India Choclate Cookies","cmqh1hb920002zcidoywpi240","Snacks & Munchies","snacks-munchies","FastKirana Darkstore (Grocery)",40,40,0,"6",4,YES,NO,NO,"ice-cream, desserts, grocery, snacks-munchies","https://res.cloudinary.com/dbf3lhk94/image/upload/v1785866297/q2k8lwy0tjsdqcagmbpg.png"
"cmqtcg3ut000004l2jt1qqpi6","Oreo Biscuits ( Jumbo Pack)","cmqh1hb920002zcidoywpi240","Snacks & Munchies","snacks-munchies","FastKirana Darkstore (Grocery)",119,144,17,"5 packs ( 459.25 g)",2,YES,YES,NO,"late-night","https://res.cloudinary.com/dbf3lhk94/image/upload/v1785554723/j9wxxvortenwgaosrfmr.jpg"
"cmrenhem8000104ky2atxvg3q","Parle Hide & Seek Biscuits ","cmqh1hb920002zcidoywpi240","Snacks & Munchies","snacks-munchies","FastKirana Darkstore (Grocery)",129,150,14,"413 g",5,YES,YES,YES,"","https://res.cloudinary.com/dbf3lhk94/image/upload/v1785554808/lpnmu8fu2jlsrmd2nu86.jpg"
"cmrel1kxv000004l43n9jeozj","Parle-G Biscuits","cmqh1hb920002zcidoywpi240","Snacks & Munchies","snacks-munchies","FastKirana Darkstore (Grocery)",95,100,5,"800 g",1,YES,NO,NO,"","https://res.cloudinary.com/dbf3lhk94/image/upload/v1785554589/s2l5vwal4exoqxhwmhgw.jpg"
"cmsf1nwzv000204jr0nl66n7o","Seeds, Nuts & Berries","cmqh1hb920002zcidoywpi240","Snacks & Munchies","snacks-munchies","FastKirana Darkstore (Grocery)",349,349,0,"",2,YES,NO,NO,"","https://res.cloudinary.com/dbf3lhk94/image/upload/v1785871297/qbn4rqqeissxyiq2jcmi.png"
"cms34p5u2000404kzd3rohogw","Unibic Choco Chip Cookies","cmqh1hb920002zcidoywpi240","Snacks & Munchies","snacks-munchies","FastKirana Darkstore (Grocery)",179,200,11,"5 packs",2,YES,YES,NO,"","https://res.cloudinary.com/dbf3lhk94/image/upload/v1785150802/vtyp5xjgeacfl3afh3dj.png"
"cmrene9nf000104i81ffb8t61","Unibic Cookies ","cmqh1hb920002zcidoywpi240","Snacks & Munchies","snacks-munchies","FastKirana Darkstore (Grocery)",25,30,17,"67.5 g",7,NO,NO,NO,"","https://res.cloudinary.com/dbf3lhk94/image/upload/v1785554767/jgcx2d5rznjva3pmsah2.png"
"cms3552qc000g04jxztodgnz3","Yogabar 10 g Blueberry protein bar ","cmqh1hb920002zcidoywpi240","Snacks & Munchies","snacks-munchies","FastKirana Darkstore (Grocery)",49,100,51,"3",0,YES,YES,NO,"","https://res.cloudinary.com/dbf3lhk94/image/upload/v1785151460/locoqsapadgxzllwbqqe.png"
"cmqtcp6lt000004ldrohmjs8l","Clean And Clear Foaming Facewash For Oily Skin","cmqh1hblj0003zcidm9gq5net","Personal Care & Hygiene","personal-care","FastKirana Darkstore (Grocery)",349,539,35,"240 ml",1,YES,NO,NO,"Facewash","https://res.cloudinary.com/dbf3lhk94/image/upload/v1785554729/ybdfnx8cvlho18enph1v.jpg"
"cmrej5cm3000104jpp36pvbzt","Colgate MaxFresh","cmqh1hblj0003zcidm9gq5net","Personal Care & Hygiene","personal-care","FastKirana Darkstore (Grocery)",249,280,11,"Combo Pack (150 g + 150 g)",0,YES,NO,NO,"","https://res.cloudinary.com/dbf3lhk94/image/upload/v1785554624/ogiy6sr8jysictaefbwz.jpg"
"cmrejbffl000104laz68dljsp","Colgate Strong Teeth Anticavity Toothpaste","cmqh1hblj0003zcidm9gq5net","Personal Care & Hygiene","personal-care","FastKirana Darkstore (Grocery)",279,310,10,"Super Saver (200g + 200g + 100g)",1,YES,NO,NO,"","https://res.cloudinary.com/dbf3lhk94/image/upload/v1785554647/h0dcwwmzuvqfvn9x7snc.jpg"
"cmrejth5r000404l7md0h33f0","Dabur Red Gel Toothpaste ","cmqh1hblj0003zcidm9gq5net","Personal Care & Hygiene","personal-care","FastKirana Darkstore (Grocery)",249,270,8,"300 g",1,YES,NO,NO,"","https://res.cloudinary.com/dbf3lhk94/image/upload/v1785554655/fjalpwrruybhke5e2mmr.png"
"cmsgj5tmw000304jrzz16ro9p","Detol Soap (4 pc)","cmqh1hblj0003zcidm9gq5net","Personal Care & Hygiene","personal-care","FastKirana Darkstore (Grocery)",217,217,0,"4 * 150 g",2,YES,NO,NO,"","https://res.cloudinary.com/dbf3lhk94/image/upload/v1785961097/eaxg0cgi81lgbtu8meo1.png"
"cmsgj7mhy000404jrh5lrezub","Detol Soap (5 pc)","cmqh1hblj0003zcidm9gq5net","Personal Care & Hygiene","personal-care","FastKirana Darkstore (Grocery)",182,182,0,"5*100 g",2,YES,NO,NO,"","https://res.cloudinary.com/dbf3lhk94/image/upload/v1785961234/zwmwg08qm6bps1i4u9qj.png"
"cmqtd88q6000004jxfs2p9oyn","Himalaya Purifying Neem Face Wash | 200 ml","cmqh1hblj0003zcidm9gq5net","Personal Care & Hygiene","personal-care","FastKirana Darkstore (Grocery)",299,449,33,"200ml",1,YES,NO,NO,"Facewash","https://res.cloudinary.com/dbf3lhk94/image/upload/v1785554732/hpeykrsjuipqu8luobw6.webp"
"cmqtdgjzr000004jxxla4r33g","Mamaearth Onion Shampoo for Hair Growth","cmqh1hblj0003zcidm9gq5net","Personal Care & Hygiene","personal-care","FastKirana Darkstore (Grocery)",445,599,26,"400ml",1,YES,NO,NO,"personal-care, skincare","https://res.cloudinary.com/dbf3lhk94/image/upload/v1785554736/iykhmaodlrc3kurecpds.jpg"
"cmqtefl4h000004l5fb53jgae","Mamaearth Rice Dewy Bright Face","cmqh1hblj0003zcidm9gq5net","Personal Care & Hygiene","personal-care","FastKirana Darkstore (Grocery)",349,449,22,"150 ml",1,YES,NO,NO,"personal-care, skincare","https://res.cloudinary.com/dbf3lhk94/image/upload/v1785554737/cfhqesuzadjrxrxri22g.png"
"cmqtd1l5f000004l51hq0pqav","Nivea Men All In One Charcoal with Vitamin C","cmqh1hblj0003zcidm9gq5net","Personal Care & Hygiene","personal-care","FastKirana Darkstore (Grocery)",130,149,13,"50gm",0,YES,NO,NO,"Facewash","https://res.cloudinary.com/dbf3lhk94/image/upload/v1785554606/hl6exvyl3fhu2zxyjy5n.png"
"cmqtfjedn000104l2em2hjv7o","NIVEA MEN Dark Spot Reduction Face Wash","cmqh1hblj0003zcidm9gq5net","Personal Care & Hygiene","personal-care","FastKirana Darkstore (Grocery)",125,129,3,"50 gm",1,YES,NO,NO,"","https://res.cloudinary.com/dbf3lhk94/image/upload/v1785554719/ltphzo1vj3uk9r0bblh4.jpg"
"cmqtdl8t0000004jms34soh6u","Pears Original Glycerin Soap Bar - Pure & Gentle Glow","cmqh1hblj0003zcidm9gq5net","Personal Care & Hygiene","personal-care","FastKirana Darkstore (Grocery)",310,379,18,"5 soaps",1,YES,NO,NO,"bathing-soap","https://res.cloudinary.com/dbf3lhk94/image/upload/v1785554735/kzqfddrpiujdpkzdjpbk.webp"
"cmqtdwi2m000004jxox2csqny","Red Paste |Family Saver Pack","cmqh1hblj0003zcidm9gq5net","Personal Care & Hygiene","personal-care","FastKirana Darkstore (Grocery)",159,213,25,"300gm",1,YES,NO,NO,"","https://res.cloudinary.com/dbf3lhk94/image/upload/v1785554734/sev0d0x3xwaixjdfguqj.png"
"cmqtekmtv000004lb46usaw8h","The Derma Co Sali-Cinamide Anti-Acne Face Wash","cmqh1hblj0003zcidm9gq5net","Personal Care & Hygiene","personal-care","FastKirana Darkstore (Grocery)",349,449,22,"150 ml",0,YES,NO,NO,"Facewash, popular","https://res.cloudinary.com/dbf3lhk94/image/upload/v1785554738/li4bdnvrwshztgczuijx.webp"
"cmqp3neih000004jsnv9lhefg","Black Forest Cake","cmqh1hbyc0005zcidr45bj1ac","Bakery & Biscuits","bakery","FastKirana Darkstore (Grocery)",230,250,8,"",76,YES,NO,NO,"bakery, cake, cakes","https://res.cloudinary.com/dbf3lhk94/image/upload/v1785554711/e1d33cpmqhzfqmljzswa.png"
"cmqp38kbo000004lbx0wovsdf","Butterscotch Cake","cmqh1hbyc0005zcidr45bj1ac","Bakery & Biscuits","bakery","FastKirana Darkstore (Grocery)",230,250,8,"",78,YES,NO,NO,"bakery, cake, cakes","https://res.cloudinary.com/dbf3lhk94/image/upload/v1785554759/kx6svfuftshdqma1sgvg.png"
"cmqp3fsy0000004lbqhvbyj82","Chocolate Cake","cmqh1hbyc0005zcidr45bj1ac","Bakery & Biscuits","bakery","FastKirana Darkstore (Grocery)",230,250,8,"",72,YES,NO,NO,"bakery, cake, cakes","https://res.cloudinary.com/dbf3lhk94/image/upload/v1785554809/ti9bel7rzwnddgsblmri.png"
"cmqt9buj6000004kt1vzrwy9b","Dark Fantasy","cmqh1hbyc0005zcidr45bj1ac","Bakery & Biscuits","bakery","FastKirana Darkstore (Grocery)",159,170,6,"20 packs",2,YES,NO,NO,"bakery, biscuits, cookies, snacks, grocery","https://res.cloudinary.com/dbf3lhk94/image/upload/v1785554603/z6qhgomvmevvx5xtnstb.png"
"cmsf03k45000c04lag0fw7330","Dark Fantasy Choco Fills","cmqh1hbyc0005zcidr45bj1ac","Bakery & Biscuits","bakery","FastKirana Darkstore (Grocery)",40,40,0,"",8,YES,NO,NO,"bakery, biscuits, cookies, snacks, grocery","https://res.cloudinary.com/dbf3lhk94/image/upload/v1785868666/noz3xcodxxpr0yvcjm3l.png"
"cms33io6f000504l47q8afxvh","Dark Fantasy Choco Rolls","cmqh1hbyc0005zcidr45bj1ac","Bakery & Biscuits","bakery","FastKirana Darkstore (Grocery)",169,200,16,"20 Rolls",-6,YES,YES,NO,"bakery, biscuits, cookies, snacks, grocery","https://res.cloudinary.com/dbf3lhk94/image/upload/v1785148761/awcg2oo0zo3oud75m40e.jpg"
"cmqp3k9re000004l8mxlhk3mb","Pineapple Cake","cmqh1hbyc0005zcidr45bj1ac","Bakery & Biscuits","bakery","FastKirana Darkstore (Grocery)",230,250,8,"",99999,YES,NO,NO,"bakery, cake, cakes","https://res.cloudinary.com/dbf3lhk94/image/upload/v1785554709/efs6uzucwvkidbod9dvi.jpg"
"cmqtg5whp000004jsc03h7g3a","Sunfeast Dark Fantasy Choco Creme Dark Crunch Cookies","cmqh1hbyc0005zcidr45bj1ac","Bakery & Biscuits","bakery","FastKirana Darkstore (Grocery)",85,98,13,"237 gm",0,YES,NO,NO,"bakery, biscuits, cookies, snacks, grocery","https://res.cloudinary.com/dbf3lhk94/image/upload/v1785554749/hjekdvlywylcmijepf2r.jpg"
"cmqtfuqxh000104jsyk7czg6j","ACT II Classic Salted Popcorn","cmqh1hc4i0006zcid2ffpvlkf","Grocery Essentials","grocery-essential","FastKirana Darkstore (Grocery)",60,72,17,"165 gm",2,YES,NO,NO,"","https://res.cloudinary.com/dbf3lhk94/image/upload/v1785554756/nvd9wuhloqzopnitrqxx.png"
"cmqtfyr11000004i5u33qronp","ACT II Golden Sizzle Salted Popcorn","cmqh1hc4i0006zcid2ffpvlkf","Grocery Essentials","grocery-essential","FastKirana Darkstore (Grocery)",60,72,17,"165 gm",2,YES,NO,NO,"","https://res.cloudinary.com/dbf3lhk94/image/upload/v1785554741/qbsg7r92br1w106dsr2o.jpg"
"cmsf23jrd000204jobszmsl4t","Bourn Vita","cmqh1hc4i0006zcid2ffpvlkf","Grocery Essentials","grocery-essential","FastKirana Darkstore (Grocery)",263,263,0,"500 g",2,YES,NO,NO,"","https://res.cloudinary.com/dbf3lhk94/image/upload/v1785872008/icy3cawd6r4lzdyhopdj.png"
"cmqtdog5t000104jm15hzanv1","Ching's Manchurian Instant Noodles ","cmqh1hc4i0006zcid2ffpvlkf","Grocery Essentials","grocery-essential","FastKirana Darkstore (Grocery)",69,80,14,"256 g",1,YES,NO,NO,"late-night","https://res.cloudinary.com/dbf3lhk94/image/upload/v1785554721/swahby0vunq5edjgarn6.jpg"
"cmreitwuh000304jparp8hpp2","Closeup Toothpaste ","cmqh1hc4i0006zcid2ffpvlkf","Grocery Essentials","grocery-essential","FastKirana Darkstore (Grocery)",229,260,12,"150 g + 150 g (Mega Saver Pack)",0,YES,NO,NO,"","https://res.cloudinary.com/dbf3lhk94/image/upload/v1785554613/unavbfqkpik26xh4fcpq.jpg"
"cmrellgj2000004ie6k7pu2bv","Good Life Roasted Flax Seed","cmqh1hc4i0006zcid2ffpvlkf","Grocery Essentials","grocery-essential","FastKirana Darkstore (Grocery)",99,140,29,"100 g",1,YES,NO,NO,"seeds","https://res.cloudinary.com/dbf3lhk94/image/upload/v1785554693/zgopyitt75sjok5dayns.webp"
"cmrelj20k000204l6tyc2aljn","Good Life Roasted Pumpkin Seed","cmqh1hc4i0006zcid2ffpvlkf","Grocery Essentials","grocery-essential","FastKirana Darkstore (Grocery)",115,120,4,"100 g",0,YES,NO,NO,"seeds","https://res.cloudinary.com/dbf3lhk94/image/upload/v1785554625/jns65xnc5m3prywuj21z.png"
"cmrelpiyw000304l5j77plw58","Good Life Roasted Sunflower Seed","cmqh1hc4i0006zcid2ffpvlkf","Grocery Essentials","grocery-essential","FastKirana Darkstore (Grocery)",135,140,4,"100 g",0,YES,NO,NO,"seeds","https://res.cloudinary.com/dbf3lhk94/image/upload/v1785554656/j4y0lhksyeb6tb1jijtg.png"
"cmqtgauyi000104l5hl2u7t1a","Good Life Sugar 1 kg Pack","cmqh1hc4i0006zcid2ffpvlkf","Grocery Essentials","grocery-essential","FastKirana Darkstore (Grocery)",43,60,28,"1 kg",0,YES,NO,NO,"","https://res.cloudinary.com/dbf3lhk94/image/upload/v1785554747/xmvu3rtcwlaigwf6ykai.jpg"
"cmrekwz3o000004l5b5q3473s","Good Life Value Almond","cmqh1hc4i0006zcid2ffpvlkf","Grocery Essentials","grocery-essential","FastKirana Darkstore (Grocery)",529,550,4,"500 g",1,YES,NO,NO,"","https://res.cloudinary.com/dbf3lhk94/image/upload/v1785554753/m72aaheymqml8rdjvssl.jpg"
"cmrekrbes000004l4kmf0wjl3","Kaju (Good Life W240 Cashew)","cmqh1hc4i0006zcid2ffpvlkf","Grocery Essentials","grocery-essential","FastKirana Darkstore (Grocery)",629,645,2,"400 g",2,YES,NO,NO,"","https://res.cloudinary.com/dbf3lhk94/image/upload/v1785554724/j3zqhcd7kcoykmwqolqj.jpg"
"cmqteq1cl000004jrigoj1ysv","Kellogg's Multigrain Chocos ","cmqh1hc4i0006zcid2ffpvlkf","Grocery Essentials","grocery-essential","FastKirana Darkstore (Grocery)",129,140,8,"168 g",1,YES,NO,NO,"late-night","https://res.cloudinary.com/dbf3lhk94/image/upload/v1785554717/qxvig0azgylpfzcwxirm.png"
"cmqtfrnl0000004jsjt7ydxgp","Kissan Mixed Fruit Jam","cmqh1hc4i0006zcid2ffpvlkf","Grocery Essentials","grocery-essential","FastKirana Darkstore (Grocery)",25,25,0,"95gm",6,YES,NO,NO,"Jam, breakfast","https://res.cloudinary.com/dbf3lhk94/image/upload/v1785554768/xxnpxs7xdxhlw7ntnxco.png"
"cmrekl5ex000004ie6e5cozcb","Pista (Roasted & Salted Pistachio)","cmqh1hc4i0006zcid2ffpvlkf","Grocery Essentials","grocery-essential","FastKirana Darkstore (Grocery)",749,799,6,"400 g",2,YES,NO,NO,"","https://res.cloudinary.com/dbf3lhk94/image/upload/v1785554708/oewalk132wdw7tba50ps.jpg"
"cmqtf4qcj000004l22q1v2zyj","Saffola Masala Oats ","cmqh1hc4i0006zcid2ffpvlkf","Grocery Essentials","grocery-essential","FastKirana Darkstore (Grocery)",250,260,4,"550gm",0,YES,NO,NO,"breakfast, popular","https://res.cloudinary.com/dbf3lhk94/image/upload/v1785554748/jwwbfxqynhi0gavuxq6z.jpg"
"cmseyzs74000104jqeubyjdxg","Saffola Oats","cmqh1hc4i0006zcid2ffpvlkf","Grocery Essentials","grocery-essential","FastKirana Darkstore (Grocery)",62,62,0,"200 g",6,YES,NO,NO,"","https://res.cloudinary.com/dbf3lhk94/image/upload/v1785866804/hu77bt8b0wq1xzeuejdf.jpg"
"cmrek2k6c000104jr73my2hqm","Veeba Tomato Ketchup ","cmqh1hc4i0006zcid2ffpvlkf","Grocery Essentials","grocery-essential","FastKirana Darkstore (Grocery)",129,150,14,"1 kg",0,YES,NO,NO,"","https://res.cloudinary.com/dbf3lhk94/image/upload/v1785554673/phz1brfsqye5ia9uovje.png"
"cmrek7wd7000004l4vn5tmqhs","Veeba Veg Mayonnaise","cmqh1hc4i0006zcid2ffpvlkf","Grocery Essentials","grocery-essential","FastKirana Darkstore (Grocery)",199,225,12,"800 g",1,YES,NO,NO,"","https://res.cloudinary.com/dbf3lhk94/image/upload/v1785554694/ylfxqdrx48lwxu85ghtr.jpg"
"cmqtg8ew2000004l5h39aolgh","Veeba Veg Tandoori Mayonnaise","cmqh1hc4i0006zcid2ffpvlkf","Grocery Essentials","grocery-essential","FastKirana Darkstore (Grocery)",35,50,30,"15 gm",0,YES,NO,NO,"","https://res.cloudinary.com/dbf3lhk94/image/upload/v1785554745/eybcffw9adln0f7vyzrz.jpg"
"cmqtdgum1000104jx7dm5f588","Women's Muesli","cmqh1hc4i0006zcid2ffpvlkf","Grocery Essentials","grocery-essential","FastKirana Darkstore (Grocery)",199,350,43,"350 g",1,YES,NO,NO,"","https://res.cloudinary.com/dbf3lhk94/image/upload/v1785554733/figacxyzlqjsbn0nlynt.png"
"cmqtd3m0b000104l5j8v2fkur","Yogabar Millet Museli ","cmqh1hc4i0006zcid2ffpvlkf","Grocery Essentials","grocery-essential","FastKirana Darkstore (Grocery)",239,285,16,"450 g",1,NO,NO,NO,"","https://res.cloudinary.com/dbf3lhk94/image/upload/v1785554731/c5wtdgbaqo5xy9hlfivc.jpg"
"cmsgjtnfq000404l72j899uzc","All Out Combo (Machine+ Refill)","cmrv2psby000004ldl25xjrlt","Home Needs & Cleaning","home-needs-and-cleaning","FastKirana Darkstore (Grocery)",105,105,0,"",5,YES,NO,NO,"","https://res.cloudinary.com/dbf3lhk94/image/upload/v1785962151/jwxmmtiiyqvazzfmgjnv.jpg"
"cmsgjnci7000104l7fv3c77zw","All Out Refill ","cmrv2psby000004ldl25xjrlt","Home Needs & Cleaning","home-needs-and-cleaning","FastKirana Darkstore (Grocery)",85,85,0,"",15,YES,NO,NO,"","https://res.cloudinary.com/dbf3lhk94/image/upload/v1785961960/abjlrlmusa0akt3ddadg.jpg"
"cmsgi55h0000104l7uddh1eup","Detol Handwash","cmrv2psby000004ldl25xjrlt","Home Needs & Cleaning","home-needs-and-cleaning","FastKirana Darkstore (Grocery)",109,109,0,"675 ml",2,YES,NO,NO,"","https://res.cloudinary.com/dbf3lhk94/image/upload/v1785959436/tqtg3aabb68n5a6pwvns.png"
"cmrv1cceg000604ibzcik3st3","Emokleen Dishwash Liquid ","cmrv2psby000004ldl25xjrlt","Home Needs & Cleaning","home-needs-and-cleaning","FastKirana Darkstore (Grocery)",51,89,43,"",20,YES,NO,NO,"Home Cleaning","https://res.cloudinary.com/dbf3lhk94/image/upload/v1785554623/z1hdbguzjhjbbojvtrdr.png"
"cmrv2i6hq000704jv73hzzv5d","Emokleen Dishwash Liquid ","cmrv2psby000004ldl25xjrlt","Home Needs & Cleaning","home-needs-and-cleaning","FastKirana Darkstore (Grocery)",51,89,43,"",20,YES,NO,NO,"Home Cleaning","https://res.cloudinary.com/dbf3lhk94/image/upload/v1785554799/vzja4erpfrbx1jxfhvau.png"
"cmrv0w73c000304lanq1ougrk","Emokleen Dishwash Tub","cmrv2psby000004ldl25xjrlt","Home Needs & Cleaning","home-needs-and-cleaning","FastKirana Darkstore (Grocery)",50,60,17,"400 gm",10,YES,NO,NO,"Home Cleaning","https://res.cloudinary.com/dbf3lhk94/image/upload/v1785554801/kgmm0gigszsx6nvubsdx.jpg"
"cmrv25a2m000104l9taxwdqvl","Emokleen Floor Cleaner Lavender Fresh","cmrv2psby000004ldl25xjrlt","Home Needs & Cleaning","home-needs-and-cleaning","FastKirana Darkstore (Grocery)",60,99,39,"1 L",9,YES,NO,NO,"Home Cleaning","https://res.cloudinary.com/dbf3lhk94/image/upload/v1785554800/yhi5bmnvwz4pxkbv08gi.png"
"cmrv16z41000204jlyt9j6oa1","Emokleen Glass Cleaner ","cmrv2psby000004ldl25xjrlt","Home Needs & Cleaning","home-needs-and-cleaning","FastKirana Darkstore (Grocery)",53,70,24,"",20,YES,NO,NO,"Home Cleaning","https://res.cloudinary.com/dbf3lhk94/image/upload/v1785554815/eafekbryc75bnfydpdjz.png"
"cmrv1x8zu000604jtqkzmlp93","Emokleen Hand Gel","cmrv2psby000004ldl25xjrlt","Home Needs & Cleaning","home-needs-and-cleaning","FastKirana Darkstore (Grocery)",66,89,26,"",20,YES,NO,NO,"Home Cleaning","https://res.cloudinary.com/dbf3lhk94/image/upload/v1785554791/qfo683zxddcbmfkaduft.png"
"cmrv2dlqu000204l8t315b344","Emokleen Toilet Cleaner ","cmrv2psby000004ldl25xjrlt","Home Needs & Cleaning","home-needs-and-cleaning","FastKirana Darkstore (Grocery)",44,49,10,"",17,YES,NO,NO,"Home Cleaning","https://res.cloudinary.com/dbf3lhk94/image/upload/v1785554778/arjknf7ryyexnvq33m7h.png"
"cmrv297zk000204l6d5tvi9bc","Floor Cleaner Rose Fresh","cmrv2psby000004ldl25xjrlt","Home Needs & Cleaning","home-needs-and-cleaning","FastKirana Darkstore (Grocery)",68,99,31,"1 L",10,YES,NO,NO,"","https://res.cloudinary.com/dbf3lhk94/image/upload/v1785554814/pycotxkp9m9i7nuebmw2.png"
"cmsgjzacy000304l8sbl2mtj5","Good Night Combo (Machine+ Refill)","cmrv2psby000004ldl25xjrlt","Home Needs & Cleaning","home-needs-and-cleaning","FastKirana Darkstore (Grocery)",105,105,0,"",5,YES,NO,NO,"","https://res.cloudinary.com/dbf3lhk94/image/upload/v1785962526/qzzy9clixdamfrswtjr6.webp"
"cmsgiejgn000304l7kgikvngl","Good Night Fast Card","cmrv2psby000004ldl25xjrlt","Home Needs & Cleaning","home-needs-and-cleaning","FastKirana Darkstore (Grocery)",10,10,0,"60",60,YES,NO,NO,"","https://res.cloudinary.com/dbf3lhk94/image/upload/v1785959867/a6b1fzekvcw2epamvovx.png"
"cmsgjptyn000304l77sm6iu92","Good Night Refill","cmrv2psby000004ldl25xjrlt","Home Needs & Cleaning","home-needs-and-cleaning","FastKirana Darkstore (Grocery)",85,85,0,"",15,YES,NO,NO,"","https://res.cloudinary.com/dbf3lhk94/image/upload/v1785962082/z5xmquezmmqkhhefzthb.jpg"
"cmsgk1bip000504l8vfuy8vfy","Mortein Combo  (Machine+ Refill)","cmrv2psby000004ldl25xjrlt","Home Needs & Cleaning","home-needs-and-cleaning","FastKirana Darkstore (Grocery)",100,100,0,"",5,YES,NO,NO,"","https://res.cloudinary.com/dbf3lhk94/image/upload/v1785962600/iwqdfllt7ad7fdcfwvp5.avif"
"cmsgikdan000104jtdg06y5n7","Odonil Set","cmrv2psby000004ldl25xjrlt","Home Needs & Cleaning","home-needs-and-cleaning","FastKirana Darkstore (Grocery)",212,212,0,"",2,YES,NO,NO,"","https://res.cloudinary.com/dbf3lhk94/image/upload/v1785960147/quhawnoshds8pjx7w9wm.png"
"cmsep9wtz000204k48kbtzwww","Amul Dark Chocolate ","cmseowmy7000004i562szts34","Chocolates & Sweets","chocolates","FastKirana Darkstore (Grocery)",179,180,1,"150 g",3,YES,NO,NO,"chocolates, sweets","https://res.cloudinary.com/dbf3lhk94/image/upload/v1785850389/risvtsybemgydosawvih.png"
"cmsephfz9000h04l8oy33s94b","Amul Dark Chocolate ","cmseowmy7000004i562szts34","Chocolates & Sweets","chocolates","FastKirana Darkstore (Grocery)",45,45,0,"35 g",7,YES,NO,NO,"chocolates, sweets","https://res.cloudinary.com/dbf3lhk94/image/upload/v1785850754/xofgbb1whalqaucshd6f.jpg"
"cmsfs7ikc000404jrbhtlgwmm","Cadbury Celebrations","cmseowmy7000004i562szts34","Chocolates & Sweets","chocolates","FastKirana Darkstore (Grocery)",160,160,0,"153 g",2,YES,NO,NO,"","https://res.cloudinary.com/dbf3lhk94/image/upload/v1785915870/buhbggua79pzgky7lukm.jpg"
"cmsfsbyng000504jpv21qhtcj","Cadbury Celebrations ","cmseowmy7000004i562szts34","Chocolates & Sweets","chocolates","FastKirana Darkstore (Grocery)",50,50,0,"55 g",3,YES,NO,NO,"","https://res.cloudinary.com/dbf3lhk94/image/upload/v1785916056/zpjykbpokofzcwhrk2pl.png"
"cmsfs4xqd000104jroyxyp16n","Cadbury Celebrations ","cmseowmy7000004i562szts34","Chocolates & Sweets","chocolates","FastKirana Darkstore (Grocery)",110,110,0,"110 g",4,YES,NO,NO,"","https://res.cloudinary.com/dbf3lhk94/image/upload/v1785915759/izyjjtymncuyobeq6jln.png"
"cmsepnhwh000k04l80entfbof","Cadbury Crespelo","cmseowmy7000004i562szts34","Chocolates & Sweets","chocolates","FastKirana Darkstore (Grocery)",20,20,0,"20 g",9,YES,NO,NO,"","https://res.cloudinary.com/dbf3lhk94/image/upload/v1785851087/wd39ksgjx5vrrjortmft.jpg"
"cmsept0ks000p04l8urkysntd","Cadbury Fuse","cmseowmy7000004i562szts34","Chocolates & Sweets","chocolates","FastKirana Darkstore (Grocery)",45,45,0,"43 g",14,YES,NO,NO,"","https://res.cloudinary.com/dbf3lhk94/image/upload/v1785851378/ud2elpakztaj9eeys5gb.jpg"
"cmt01o7a0000104k00cc7emu4","Choclate Peanut Butter ","cmseowmy7000004i562szts34","Chocolates & Sweets","chocolates","FastKirana Darkstore (Grocery)",159,159,0,"227 g",0,YES,NO,NO,"","https://res.cloudinary.com/dbf3lhk94/image/upload/v1787141099/l3dxvooijfkjcp3k2tw7.jpg"
"cmt01v6n1000704l2gjrpr6qg","Chocolate Peanut Butter ","cmseowmy7000004i562szts34","Chocolates & Sweets","chocolates","FastKirana Darkstore (Grocery)",319,319,0,"510 g",2,YES,NO,NO,"","https://res.cloudinary.com/dbf3lhk94/image/upload/v1787141427/gvk2rp5psnvxs0j8fej8.jpg"
"cmseq6sch000r04l551ub154j","Dairy Milk ","cmseowmy7000004i562szts34","Chocolates & Sweets","chocolates","FastKirana Darkstore (Grocery)",99,100,1,"112 g",6,YES,NO,NO,"","https://res.cloudinary.com/dbf3lhk94/image/upload/v1785852009/jx3mj3hhq9vorhqc7ysc.jpg"
"cmseq9luh000204iamj8ennfd","Dairy Milk ","cmseowmy7000004i562szts34","Chocolates & Sweets","chocolates","FastKirana Darkstore (Grocery)",45,45,0,"45 g",15,YES,NO,NO,"","https://res.cloudinary.com/dbf3lhk94/image/upload/v1785852134/wkslu0be0jdmqmrubojv.jpg"
"cmsepzedu000k04l5lam5jyfg","Dairy Milk ","cmseowmy7000004i562szts34","Chocolates & Sweets","chocolates","FastKirana Darkstore (Grocery)",20,20,0,"20 g",21,YES,NO,NO,"","https://res.cloudinary.com/dbf3lhk94/image/upload/v1785851583/erxvegwjdtq0pk36r29c.jpg"
"cmqum8wtq000604jsdv3omtl5","Dairy Milk Silk","cmseowmy7000004i562szts34","Chocolates & Sweets","chocolates","FastKirana Darkstore (Grocery)",89,90,1,"52 g",21,YES,NO,NO,"","https://res.cloudinary.com/dbf3lhk94/image/upload/v1785554792/c0jb8vpco1xn7bvt6kre.jpg"
"cmser0vna000504jr102sn4nb","Dairy Milk Silk ","cmseowmy7000004i562szts34","Chocolates & Sweets","chocolates","FastKirana Darkstore (Grocery)",204,205,0,"129 g",14,YES,NO,NO,"","https://res.cloudinary.com/dbf3lhk94/image/upload/v1785853270/v73vj8becz857prx8yza.png"
"cmser9kro000e04l8ugadrg2g","Five Star Oreo","cmseowmy7000004i562szts34","Chocolates & Sweets","chocolates","FastKirana Darkstore (Grocery)",45,45,0,"42 g",15,YES,NO,NO,"","https://res.cloudinary.com/dbf3lhk94/image/upload/v1785853821/zr2ieh51az7fmit0garp.jpg"
"cmseri48x000p04l4qvqclc76","KitKat ","cmseowmy7000004i562szts34","Chocolates & Sweets","chocolates","FastKirana Darkstore (Grocery)",50,50,0,"",14,YES,NO,NO,"","https://res.cloudinary.com/dbf3lhk94/image/upload/v1785854193/px6rggf2prtmkxmucswo.jpg"
"cmserglqo000m04l4g1tvs0cs","KitKat Chocolate ","cmseowmy7000004i562szts34","Chocolates & Sweets","chocolates","FastKirana Darkstore (Grocery)",30,30,0,"",7,YES,NO,NO,"chocolates, sweets","https://res.cloudinary.com/dbf3lhk94/image/upload/v1785854064/bhj3jaffyvvlbrq4qymd.jpg"
"cmsert0x3000404jlps6gfj2o","Milky Bar","cmseowmy7000004i562szts34","Chocolates & Sweets","chocolates","FastKirana Darkstore (Grocery)",40,40,0,"",7,YES,NO,NO,"","https://res.cloudinary.com/dbf3lhk94/image/upload/v1785854666/xha0cri0d4xr923l7v0f.png"
"cmsezpx58000104jwaew9hi8q","Silk Cadbury  Celebration  ","cmseowmy7000004i562szts34","Chocolates & Sweets","chocolates","FastKirana Darkstore (Grocery)",350,350,0,"",3,YES,NO,NO,"","https://res.cloudinary.com/dbf3lhk94/image/upload/v1785868013/g3zwlc4a33stj0tjxbs9.jpg"
"cmqtcz0y0000004l261ha4iw4","Yogabar Protein Oats - Dark Chocolate ","cmseowmy7000004i562szts34","Chocolates & Sweets","chocolates","FastKirana Darkstore (Grocery)",149,200,26,"250 g",0,YES,NO,NO,"chocolates, sweets","https://res.cloudinary.com/dbf3lhk94/image/upload/v1785554757/ydgclpgm0ywq1gt4wa85.webp"
"cmsf1ur92000704jrzlzobi17","Cornflour ","cmsfuzs73000404l7q139nk61","Kitchen Needs (Atta, Rice, Dal, Oil)","kitchen-needs","FastKirana Darkstore (Grocery)",28,28,0,"100 g",5,YES,NO,NO,"","https://res.cloudinary.com/dbf3lhk94/image/upload/v1785871616/q32q1ft3n8dwdjtbmddg.png"
"cmsf1zq8w000004jot327m8r7","Custard ","cmsfuzs73000404l7q139nk61","Kitchen Needs (Atta, Rice, Dal, Oil)","kitchen-needs","FastKirana Darkstore (Grocery)",35,35,0,"100 g",6,YES,NO,NO,"","https://res.cloudinary.com/dbf3lhk94/image/upload/v1785871843/fyihzzbzjv3f9cmzyo24.png"
"cmsfvyjaz000k04l17auev6dx","Everest Black Pepper ","cmsfuzs73000404l7q139nk61","Kitchen Needs (Atta, Rice, Dal, Oil)","kitchen-needs","FastKirana Darkstore (Grocery)",92,92,0,"50 g",9,YES,NO,NO,"","https://res.cloudinary.com/dbf3lhk94/image/upload/v1785922182/j0yaze5hzcfmbw0nzukh.jpg"
"cmsfvgwpe000704l7acjqge0x","Everest Chicken Masala ","cmsfuzs73000404l7q139nk61","Kitchen Needs (Atta, Rice, Dal, Oil)","kitchen-needs","FastKirana Darkstore (Grocery)",49,49,0,"50 g",10,YES,NO,NO,"","https://res.cloudinary.com/dbf3lhk94/image/upload/v1785921358/lmegp5v8hhmgcb9bywum.jpg"
"cmsfvcxjv000504l7qa5atmoz","Everest Chole Masala ","cmsfuzs73000404l7q139nk61","Kitchen Needs (Atta, Rice, Dal, Oil)","kitchen-needs","FastKirana Darkstore (Grocery)",46,46,0,"50 g",10,YES,NO,NO,"","https://res.cloudinary.com/dbf3lhk94/image/upload/v1785921150/bxhh2sjyyj3vxwjlwxnj.jpg"
"cmsfw01n2000l04l1yfq4rcj4","Everest Hing ","cmsfuzs73000404l7q139nk61","Kitchen Needs (Atta, Rice, Dal, Oil)","kitchen-needs","FastKirana Darkstore (Grocery)",143,143,0,"50 g",10,YES,NO,NO,"","https://res.cloudinary.com/dbf3lhk94/image/upload/v1785922252/olcwsxsuwqgu1ngjcvoh.jpg"
"cmsfvuvhm000g04l1oruqmana","Everest Kashmiri Lal Mirch","cmsfuzs73000404l7q139nk61","Kitchen Needs (Atta, Rice, Dal, Oil)","kitchen-needs","FastKirana Darkstore (Grocery)",65,65,0,"50 g",10,YES,NO,NO,"","https://res.cloudinary.com/dbf3lhk94/image/upload/v1785922009/eqxojyhmduvstpzm2zkc.jpg"
"cmsfvxho9000i04l1v3hfzqn2","Everest Kasuri Methi","cmsfuzs73000404l7q139nk61","Kitchen Needs (Atta, Rice, Dal, Oil)","kitchen-needs","FastKirana Darkstore (Grocery)",30,30,0,"25 g",10,YES,NO,NO,"","https://res.cloudinary.com/dbf3lhk94/image/upload/v1785922127/akzvashfidczowxrp6rg.png"
"cmsfv2dpd000d04juvooci2m7","Everest Kitchen King ","cmsfuzs73000404l7q139nk61","Kitchen Needs (Atta, Rice, Dal, Oil)","kitchen-needs","FastKirana Darkstore (Grocery)",48,48,0,"50 g",9,YES,NO,NO,"","https://res.cloudinary.com/dbf3lhk94/image/upload/v1785920672/gecljjac9qth7t0zzrlt.jpg"
"cmsfvqbgo000i04l76d7o9hgb","Everest Meat Masala ","cmsfuzs73000404l7q139nk61","Kitchen Needs (Atta, Rice, Dal, Oil)","kitchen-needs","FastKirana Darkstore (Grocery)",49,49,0,"50 g",10,YES,NO,NO,"","https://res.cloudinary.com/dbf3lhk94/image/upload/v1785921793/ddzfuytyrycrbtdogcxd.png"
"cmsfvotox000t04jvdhhrbm44","Everest Pav Bhaji Masala ","cmsfuzs73000404l7q139nk61","Kitchen Needs (Atta, Rice, Dal, Oil)","kitchen-needs","FastKirana Darkstore (Grocery)",48,48,0,"50 g",10,YES,NO,NO,"","https://res.cloudinary.com/dbf3lhk94/image/upload/v1785921714/c1d5aw7ngybjst78ruks.jpg"
"cmsfvehlw000604l7jqvutk69","Everest Raita-Dahivada Masala","cmsfuzs73000404l7q139nk61","Kitchen Needs (Atta, Rice, Dal, Oil)","kitchen-needs","FastKirana Darkstore (Grocery)",42,42,0,"50 g",10,YES,NO,NO,"","https://res.cloudinary.com/dbf3lhk94/image/upload/v1785922354/wplyyjpuf32ekjwiflp9.png"
"cmsfvrlv2000a04l1fui0rn9x","Everest Sabji Masala ","cmsfuzs73000404l7q139nk61","Kitchen Needs (Atta, Rice, Dal, Oil)","kitchen-needs","FastKirana Darkstore (Grocery)",39,39,0,"50 g",9,YES,NO,NO,"","https://res.cloudinary.com/dbf3lhk94/image/upload/v1785921858/mgkzvw8zdewmmlikoknh.jpg"
"cmsfvaj3u000404l7abwnqks2","Everest Sambhar Masala ","cmsfuzs73000404l7q139nk61","Kitchen Needs (Atta, Rice, Dal, Oil)","kitchen-needs","FastKirana Darkstore (Grocery)",46,46,0,"50 g",8,YES,NO,NO,"","https://res.cloudinary.com/dbf3lhk94/image/upload/v1785921053/rin2ajhgrxajxscig5e4.jpg"
"cmt02icm8000004ihrqbsr5si","Kissan Mixed Fruit Jam","cmsfuzs73000404l7q139nk61","Kitchen Needs (Atta, Rice, Dal, Oil)","kitchen-needs","FastKirana Darkstore (Grocery)",90,90,0,"200 g",5,YES,NO,NO,"","https://res.cloudinary.com/dbf3lhk94/image/upload/v1787142508/vrcrucfmm5cvphdghjg5.jpg"
"cmsggu65w000004l754u12zzw","Namaste India Desi Ghee","cmsfuzs73000404l7q139nk61","Kitchen Needs (Atta, Rice, Dal, Oil)","kitchen-needs","FastKirana Darkstore (Grocery)",250,250,0,"335 ml",2,YES,NO,NO,"","https://res.cloudinary.com/dbf3lhk94/image/upload/v1785957247/xgmarjersb8lhr2faxuu.png"
"cmsf1r4pn000504jrfidjx7eb","Rex Baking Powder ","cmsfuzs73000404l7q139nk61","Kitchen Needs (Atta, Rice, Dal, Oil)","kitchen-needs","FastKirana Darkstore (Grocery)",32,32,0,"100 g",6,YES,NO,NO,"","https://res.cloudinary.com/dbf3lhk94/image/upload/v1785871448/fdiabe3idpxy9ghadnlh.jpg"
"cmt035jtw000c04l2nbagb2lm","Taaza Tea","cmsfuzs73000404l7q139nk61","Kitchen Needs (Atta, Rice, Dal, Oil)","kitchen-needs","FastKirana Darkstore (Grocery)",55,55,0,"250 g",2,YES,NO,NO,"","https://res.cloudinary.com/dbf3lhk94/image/upload/v1787143575/nqvdn0m2i8qrhifs4oat.jpg"
"cmsfvnfn3000s04jvsxj2a9hv","Tandoori Chicken Masala ","cmsfuzs73000404l7q139nk61","Kitchen Needs (Atta, Rice, Dal, Oil)","kitchen-needs","FastKirana Darkstore (Grocery)",52,52,0,"50 g",10,YES,NO,NO,"","https://res.cloudinary.com/dbf3lhk94/image/upload/v1785921663/paaofdaj9kwenwpksi5c.jpg"
"cmsf0pobj000004l28ebu25e1","Britannia Toast","cmsfxcpjo000x04k1psk49ka9","Instant Foods & Maggi","instant-foods","FastKirana Darkstore (Grocery)",50,50,0,"",57,YES,NO,NO,"","https://res.cloudinary.com/dbf3lhk94/image/upload/v1785869678/ga4c4wuulxjrabaqux4r.png"
"cmsfxjwoc000504juwveefmoj","Dalia ","cmsfxcpjo000x04k1psk49ka9","Instant Foods & Maggi","instant-foods","FastKirana Darkstore (Grocery)",45,45,0,"500 g",4,YES,NO,NO,"","https://res.cloudinary.com/dbf3lhk94/image/upload/v1785924857/mnsglfqa5tdg4gprgvpf.png"
"cmsgiul56000004jrzd9ppdut","Funfoods Pasta & Pizza Red Sauce","cmsfxcpjo000x04k1psk49ka9","Instant Foods & Maggi","instant-foods","FastKirana Darkstore (Grocery)",45,45,0,"100 g",11,YES,NO,NO,"","https://res.cloudinary.com/dbf3lhk94/image/upload/v1785960619/jfqbmglkuv2muglf2j1m.png"
"cmsgisxr3000104kylbb8na15","Funfoods Veg Mayonnaise","cmsfxcpjo000x04k1psk49ka9","Instant Foods & Maggi","instant-foods","FastKirana Darkstore (Grocery)",49,49,0,"",11,YES,NO,NO,"","https://res.cloudinary.com/dbf3lhk94/image/upload/v1785960545/deuo2uub5mif25sdoauh.png"
"cmsfxyr3o000804lah96mld4u","Fusilli Pasta","cmsfxcpjo000x04k1psk49ka9","Instant Foods & Maggi","instant-foods","FastKirana Darkstore (Grocery)",79,140,44,"400 g",6,YES,YES,NO,"","https://res.cloudinary.com/dbf3lhk94/image/upload/v1785925535/ohgqu9hmxnqgnc3mrjqe.png"
"cmt027k0f000904l2cw1h05rm","Knorr Soup","cmsfxcpjo000x04k1psk49ka9","Instant Foods & Maggi","instant-foods","FastKirana Darkstore (Grocery)",55,55,0,"40 g",5,YES,NO,NO,"","https://res.cloudinary.com/dbf3lhk94/image/upload/v1787141805/uypgkmkf7pwpwktpypwk.jpg"
"cmsfxhbj7000e04jpquezx1mh","Macaroni ","cmsfxcpjo000x04k1psk49ka9","Instant Foods & Maggi","instant-foods","FastKirana Darkstore (Grocery)",59,59,0,"400 g",5,YES,NO,NO,"","https://res.cloudinary.com/dbf3lhk94/image/upload/v1785924735/ou7vnncm8beekvrhfjnm.png"
"cmqt9hfjp000004l21h70mkkw","Maggi","cmsfxcpjo000x04k1psk49ka9","Instant Foods & Maggi","instant-foods","FastKirana Darkstore (Grocery)",115,120,4,"1 Pack (560 gm)",0,YES,NO,NO,"late-night","https://res.cloudinary.com/dbf3lhk94/image/upload/v1785554725/ajjao0tto6azs6gxfa61.jpg"
"cmsgh3rdl000204l70p19seqi","Nutrela Soya Mini Chunks","cmsfxcpjo000x04k1psk49ka9","Instant Foods & Maggi","instant-foods","FastKirana Darkstore (Grocery)",47,47,0,"200 g",5,YES,NO,NO,"","https://res.cloudinary.com/dbf3lhk94/image/upload/v1785957688/nvxybrm6lhayhutlqbbi.png"
"cmsfy0b2u000004jo3kn1e5l6","Penne Pasta","cmsfxcpjo000x04k1psk49ka9","Instant Foods & Maggi","instant-foods","FastKirana Darkstore (Grocery)",86,132,35,"400 g",5,YES,YES,NO,"","https://res.cloudinary.com/dbf3lhk94/image/upload/v1785925621/hrdu4zdpwkt77vr0yzzz.png"
"cmsggxjpq000104ld3vt1wph3","Poha","cmsfxcpjo000x04k1psk49ka9","Instant Foods & Maggi","instant-foods","FastKirana Darkstore (Grocery)",79,89,11,"500 g",5,YES,NO,NO,"","https://res.cloudinary.com/dbf3lhk94/image/upload/v1785957398/cf9l6f8pnrcpopcwzqms.png"
"cmsfx6igt000304jrd8qzc5i6","Quaker Oats","cmsfxcpjo000x04k1psk49ka9","Instant Foods & Maggi","instant-foods","FastKirana Darkstore (Grocery)",60,60,0,"",6,YES,NO,NO,"","https://res.cloudinary.com/dbf3lhk94/image/upload/v1785924213/oobbhuwhjxztvc6paj0s.jpg"
"cmt03g7hl000404ihu5frweun","Saffola Classic Masala Oats","cmsfxcpjo000x04k1psk49ka9","Instant Foods & Maggi","instant-foods","FastKirana Darkstore (Grocery)",230,230,0,"500 g",0,YES,NO,NO,"","https://res.cloudinary.com/dbf3lhk94/image/upload/v1787144086/mrlfeed6adrvspff0mzi.jpg"
"cmt03hzx7000504jm5628hoxp","Saffola Peppy Tomato Masala Oats","cmsfxcpjo000x04k1psk49ka9","Instant Foods & Maggi","instant-foods","FastKirana Darkstore (Grocery)",230,230,0,"500 g",1,YES,NO,NO,"","https://res.cloudinary.com/dbf3lhk94/image/upload/v1787144173/jxfrwd1r9giuj4tezved.jpg"
"cmt03h6it000304jmbakyunpb","Saffola Veggie Twist Masala Oats","cmsfxcpjo000x04k1psk49ka9","Instant Foods & Maggi","instant-foods","FastKirana Darkstore (Grocery)",230,230,0,"500 g",2,YES,NO,NO,"","https://res.cloudinary.com/dbf3lhk94/image/upload/v1787144128/zinncojn7undybdzuxgq.jpg"
"cmsfxpff7000404lanot2x4jw","Sewai","cmsfxcpjo000x04k1psk49ka9","Instant Foods & Maggi","instant-foods","FastKirana Darkstore (Grocery)",55,55,0,"400 g",4,YES,NO,NO,"","https://res.cloudinary.com/dbf3lhk94/image/upload/v1785925110/pamu5rpjes90nm5wslpe.png"
"cmqtcqern000004jmvuhlzw4j","Yippee! Noodles ","cmsfxcpjo000x04k1psk49ka9","Instant Foods & Maggi","instant-foods","FastKirana Darkstore (Grocery)",90,90,0,"6 in one pack (436.6 g)",3,YES,NO,NO,"late-night","https://res.cloudinary.com/dbf3lhk94/image/upload/v1785554761/z8m4dbom5b3d40atjjjq.jpg"
"cmrefnaa4000104jquhmfplg7","YiPPee! Noodles ","cmsfxcpjo000x04k1psk49ka9","Instant Foods & Maggi","instant-foods","FastKirana Darkstore (Grocery)",169,180,6,"726 g ( 10 individual packs)",2,YES,YES,NO,"","https://res.cloudinary.com/dbf3lhk94/image/upload/v1785554614/lmsfciowxhyhqbspuiul.jpg"
"cmqhvntew000104jx1l1oa4q6","Aaloo Masala Sandwitch","cmt59fuss0000tgidoc35458x","Fast Food & Restaurant Kitchen","restaurant-food","A.S. Restaurant",70,70,0,"",99999,YES,NO,NO,"sandwiches, sandwiches, sandwich, veg, restaurant, restaurant","https://res.cloudinary.com/dbf3lhk94/image/upload/v1785554829/s2allylicutdnnndxd4s.png"
"cmsegha5e000g04kzrtvv6dg6","Achari Paneer Tikka ","cmt59fuss0000tgidoc35458x","Fast Food & Restaurant Kitchen","restaurant-food","Bal Udyan Restaurant",220,220,0,"",999,YES,NO,NO,"tandoori-nawab-nawab, restaurant","https://res.cloudinary.com/dbf3lhk94/image/upload/v1785835717/ggcjogvtpleulzk5jkss.png"
"cmrmyymkv000304jptvgw7yjq","Afghani Paneer Tikka","cmt59fuss0000tgidoc35458x","Fast Food & Restaurant Kitchen","restaurant-food","Wedson Restaurant",269,269,0,"",999,YES,NO,NO,"restaurant, tandoori-nawab-nawab","https://res.cloudinary.com/dbf3lhk94/image/upload/v1785554903/gbscbdp8unib4c8caj9a.png"
"cmsegd9n2000h04ldaku65c19","Afghani Paneer Tikka ","cmt59fuss0000tgidoc35458x","Fast Food & Restaurant Kitchen","restaurant-food","Bal Udyan Restaurant",249,249,0,"",999,YES,NO,NO,"tandoori-nawab-nawab, restaurant","https://res.cloudinary.com/dbf3lhk94/image/upload/v1785554903/gbscbdp8unib4c8caj9a.png"
"cmse8e1gh000704jwdsg3ex00","Aloo Kulcha","cmt59fuss0000tgidoc35458x","Fast Food & Restaurant Kitchen","restaurant-food","Bal Udyan Restaurant",55,55,0,"",999,YES,NO,NO,"roti-naan-kulcha, restaurant","https://res.cloudinary.com/dbf3lhk94/image/upload/v1785554897/vr8afgoq0nijdophkqos.jpg"
"cmsdlda0u000404ky6qalxjv3","Aloo Paratha ","cmt59fuss0000tgidoc35458x","Fast Food & Restaurant Kitchen","restaurant-food","Bal Udyan Restaurant",80,80,0,"",999,YES,NO,NO,"breakfast, restaurant","https://res.cloudinary.com/dbf3lhk94/image/upload/v1785554671/xhgktomet7r0zlzwbdlo.jpg"
"cmrlvq7th000204jr4pmfpbbd","Aloo Paratha (2 Pc)","cmt59fuss0000tgidoc35458x","Fast Food & Restaurant Kitchen","restaurant-food","Wedson Restaurant",99,99,0,"",999,NO,NO,NO,"restaurant, breakfast","https://res.cloudinary.com/dbf3lhk94/image/upload/v1785554671/xhgktomet7r0zlzwbdlo.jpg"
"cmrlvtp5x000104l7wz43zkxl","Aloo Paratha with Curd","cmt59fuss0000tgidoc35458x","Fast Food & Restaurant Kitchen","restaurant-food","Wedson Restaurant",139,139,0,"",999,NO,NO,NO,"restaurant, breakfast","https://res.cloudinary.com/dbf3lhk94/image/upload/v1785554670/u8q0nlbwpkcxbeo7jy03.jpg"
"cmsdn6ct9000104ji5g9vuc2c","Amritsari Chole","cmt59fuss0000tgidoc35458x","Fast Food & Restaurant Kitchen","restaurant-food","Bal Udyan Restaurant",199,199,0,"",999,YES,NO,NO,"main-course, restaurant","https://res.cloudinary.com/dbf3lhk94/image/upload/v1785786494/etddrokqhtatm147qm6u.png"
"cmsdn9w4r000204k1mjjm29k1","Bal Udyan Special Paneer","cmt59fuss0000tgidoc35458x","Fast Food & Restaurant Kitchen","restaurant-food","Bal Udyan Restaurant",290,290,0,"",999,YES,NO,NO,"main-course, restaurant","https://res.cloudinary.com/dbf3lhk94/image/upload/v1785786661/ln9jxe4jffljvjlyghfp.png"
"cmqhz0yci000304jufb2qkdmn","Blue Lagoon Mojito","cmt59fuss0000tgidoc35458x","Fast Food & Restaurant Kitchen","restaurant-food","A.S. Restaurant",80,80,0,"300 ml",999,YES,NO,NO,"mocktails, mocktails, mocktail, coolers, cooler, mojito, veg, restaurant, restaurant","https://res.cloudinary.com/dbf3lhk94/image/upload/v1785554819/ppghibvdogeigyeogfpd.png"
"cmrlwb6au000004l77w8i6gzs","Bread Omlette ","cmt59fuss0000tgidoc35458x","Fast Food & Restaurant Kitchen","restaurant-food","Wedson Restaurant",99,99,0,"",999,NO,NO,NO,"restaurant, breakfast","https://res.cloudinary.com/dbf3lhk94/image/upload/v1785554796/qmrujpyqgfiwux6cfc3t.jpg"
"cmqifvqlc000004jshcp8b9s2","Butter Masala Dosa","cmt59fuss0000tgidoc35458x","Fast Food & Restaurant Kitchen","restaurant-food","A.S. Restaurant",75,75,0,"",99999,YES,NO,NO,"south-indian, south-indian, south indian, dosa, veg, restaurant, restaurant","https://res.cloudinary.com/dbf3lhk94/image/upload/v1785554852/emkgg6kqcxas45fds2as.png"
"cmqifxp7m000104js435y9tki","Butter Masala Paneer Dosa","cmt59fuss0000tgidoc35458x","Fast Food & Restaurant Kitchen","restaurant-food","A.S. Restaurant",90,90,0,"",99999,YES,NO,NO,"south-indian, south-indian, south indian, dosa, veg, restaurant, restaurant","https://res.cloudinary.com/dbf3lhk94/image/upload/v1785554868/kcclt5eiijonrso6dzn9.png"
"cmrm16cex000104jzrdd5ak3o","Butter Naan","cmt59fuss0000tgidoc35458x","Fast Food & Restaurant Kitchen","restaurant-food","Wedson Restaurant",40,40,0,"1 Naan",999,YES,NO,NO,"restaurant, roti-naan-kulcha","https://res.cloudinary.com/dbf3lhk94/image/upload/v1785554807/s9syhykicmxlpxwexuaj.png"
"cmse8c1sl000604jwjoyutg94","Butter Naan","cmt59fuss0000tgidoc35458x","Fast Food & Restaurant Kitchen","restaurant-food","Bal Udyan Restaurant",30,30,0,"",999,YES,NO,NO,"roti-naan-kulcha, restaurant","https://res.cloudinary.com/dbf3lhk94/image/upload/v1785554807/s9syhykicmxlpxwexuaj.png"
"cmqifzr6s000204jsul1rpd2c","Butter Paneer Dosa","cmt59fuss0000tgidoc35458x","Fast Food & Restaurant Kitchen","restaurant-food","A.S. Restaurant",110,110,0,"",99999,YES,NO,NO,"south-indian, south-indian, south indian, dosa, veg, restaurant, restaurant","https://res.cloudinary.com/dbf3lhk94/image/upload/v1785554844/fqp8upyv7c3z5ptb6fpr.png"
"cmqrr3h59000004jybdt8dzx0","Butter Paneer Pav bhaji","cmt59fuss0000tgidoc35458x","Fast Food & Restaurant Kitchen","restaurant-food","A.S. Restaurant",90,90,0,"1 Plate",999,YES,NO,NO,"bombay-bites, bombay-bites, bombay bites, bombay-bite, bombay bite, veg, restaurant, restaurant","https://res.cloudinary.com/dbf3lhk94/image/upload/v1785554864/a8rvhwtxpa4gcuev2mgl.png"
"cmqifu59o000j04l461989y9s","Butter Paper Dosa","cmt59fuss0000tgidoc35458x","Fast Food & Restaurant Kitchen","restaurant-food","A.S. Restaurant",50,50,0,"",99999,YES,NO,NO,"south-indian, south-indian, south indian, dosa, veg, restaurant, restaurant","https://res.cloudinary.com/dbf3lhk94/image/upload/v1785554838/a7b1k8frrfy1tzja2ykl.png"
"cmqrr1vvz000004ldl3husnlc","Butter Pavbhaji","cmt59fuss0000tgidoc35458x","Fast Food & Restaurant Kitchen","restaurant-food","A.S. Restaurant",75,75,0,"1 Plate",999,YES,NO,NO,"bombay-bites, bombay-bites, bombay bites, bombay-bite, bombay bite, veg, restaurant, restaurant","https://res.cloudinary.com/dbf3lhk94/image/upload/v1785554870/owqgevbdnhdetjvr9hih.png"
"cmrss4lo7000304jxv5rckk78","Butter scotch Shake","cmt59fuss0000tgidoc35458x","Fast Food & Restaurant Kitchen","restaurant-food","Wedson Restaurant",119,119,5,"",999,YES,NO,NO,"shake, restaurant","https://res.cloudinary.com/dbf3lhk94/image/upload/v1785554626/rfz1hcs20wi9ossaiarp.png"
"cmrubtlws000204l1sb2ty6m6","Butterscotch Cup","cmt59fuss0000tgidoc35458x","Fast Food & Restaurant Kitchen","restaurant-food","Bal Udyan Restaurant",19,20,5,"",999,NO,NO,NO,"ice-cream, desserts, kulfi, cones","https://res.cloudinary.com/dbf3lhk94/image/upload/v1785554758/v0veswvmxkvk79hoyzie.png"
"cmqhzmodz000104icef59dlgf","Butterscotch Shake","cmt59fuss0000tgidoc35458x","Fast Food & Restaurant Kitchen","restaurant-food","A.S. Restaurant",85,85,0,"300 ml",999,YES,NO,NO,"shakes, shakes, shake, milkshake, milkshakes, veg, restaurant, restaurant","https://res.cloudinary.com/dbf3lhk94/image/upload/v1785554848/lckwgygtr617fxxhgrn4.png"
"cmqht67tu000104jmsqnu8acz","Capsicum Pizza","cmt59fuss0000tgidoc35458x","Fast Food & Restaurant Kitchen","restaurant-food","A.S. Restaurant",109,119,8,"",99999,YES,NO,NO,"pizza, restaurant","https://res.cloudinary.com/dbf3lhk94/image/upload/v1785554605/bmzrfpauabth7r81iaow.png"
"cmrt07a4f000104jpynr4oqs9","Capsicum Tomato Onion Pizza ","cmt59fuss0000tgidoc35458x","Fast Food & Restaurant Kitchen","restaurant-food","Wedson Restaurant",199,199,5,"",999,YES,NO,NO,"restaurant, pizza","https://res.cloudinary.com/dbf3lhk94/image/upload/v1785554777/kkw2et04r8mu0s63pkom.png"
"cmsed9oqz000v04kvbp0a07kb","Cheese Balls","cmt59fuss0000tgidoc35458x","Fast Food & Restaurant Kitchen","restaurant-food","Bal Udyan Restaurant",130,130,0,"",999,YES,NO,NO,"starter, restaurant","https://res.cloudinary.com/dbf3lhk94/image/upload/v1785830324/tyssfmuht5ngen0zdytp.png"
"cmrt3tslm000504jp5to4241z","Cheese Burger","cmt59fuss0000tgidoc35458x","Fast Food & Restaurant Kitchen","restaurant-food","Wedson Restaurant",79,79,5,"",999,YES,NO,NO,"burger, restaurant","https://res.cloudinary.com/dbf3lhk94/image/upload/v1785554627/vbeg4kuwajcybqqqd6ps.png"
"cmrswq0qj000004lbowxwc4lg","Cheese Chigar Roll","cmt59fuss0000tgidoc35458x","Fast Food & Restaurant Kitchen","restaurant-food","Wedson Restaurant",199,199,5,"",999,YES,NO,NO,"restaurant, starter","https://res.cloudinary.com/dbf3lhk94/image/upload/v1785554739/lfqihsezibmqr9kb5lij.png"
"cmsec8orc000004kvgi8ynd10","Cheese Sigar Roll","cmt59fuss0000tgidoc35458x","Fast Food & Restaurant Kitchen","restaurant-food","Bal Udyan Restaurant",140,140,0,"",999,YES,NO,NO,"starter, restaurant","https://res.cloudinary.com/dbf3lhk94/image/upload/v1785554739/lfqihsezibmqr9kb5lij.png"
"cmqigj0ck000204l88l6148ni","Cheeze Baking Pasta","cmt59fuss0000tgidoc35458x","Fast Food & Restaurant Kitchen","restaurant-food","A.S. Restaurant",135,135,0,"",99999,YES,NO,NO,"italian-pasta, italian-pasta, italian-pastas, italian pasta's, pasta, veg, restaurant, restaurant","https://res.cloudinary.com/dbf3lhk94/image/upload/v1785554839/uvqhrligasehr90wjckh.png"
"cmqhv443d000204ib5occu1ux","Cheeze Burger","cmt59fuss0000tgidoc35458x","Fast Food & Restaurant Kitchen","restaurant-food","A.S. Restaurant",65,65,0,"",99999,YES,NO,NO,"burgers, burgers, burger, veg-burger, cheese-burger, paneer-burger, veg, restaurant, restaurant","https://res.cloudinary.com/dbf3lhk94/image/upload/v1785554860/w6jy02smyw7fpf655fus.png"
"cmqj7ilwq000004l520l9p1a0","Cheeze Frankie Roll","cmt59fuss0000tgidoc35458x","Fast Food & Restaurant Kitchen","restaurant-food","A.S. Restaurant",85,85,0,"",99999,YES,NO,NO,"frankie-rolls, frankie-rolls, frankie rolls, frankie-roll, frankie roll, rolls, roll, kathi roll, kathi-roll, veg, restaurant, restaurant","https://res.cloudinary.com/dbf3lhk94/image/upload/v1785554688/jfuqaegm0or8ddga1ilz.png"
"cmqhxu43w000004l8suhk40k1","Cheeze Garlic Bread","cmt59fuss0000tgidoc35458x","Fast Food & Restaurant Kitchen","restaurant-food","A.S. Restaurant",95,95,0,"4 pcs",99999,YES,NO,NO,"garlic-bread, garlic-bread, garlic bread, garlic-breads, veg, restaurant, restaurant","https://res.cloudinary.com/dbf3lhk94/image/upload/v1785554825/prgvr86jmxnyr5l3pjoo.png"
"cmqhvqqji000304jx0gvc4fu1","Cheeze Sandwitch","cmt59fuss0000tgidoc35458x","Fast Food & Restaurant Kitchen","restaurant-food","A.S. Restaurant",85,85,0,"",99999,YES,NO,NO,"sandwiches, sandwiches, sandwich, veg, restaurant, restaurant","https://res.cloudinary.com/dbf3lhk94/image/upload/v1785554828/yban1wpofuhudn8wp4qh.png"
"cmqhthroi000004jm7qs4w6yg","Cheezy Paneer Pizza","cmt59fuss0000tgidoc35458x","Fast Food & Restaurant Kitchen","restaurant-food","A.S. Restaurant",129,139,7,"",99999,YES,NO,NO,"pizza, restaurant","https://res.cloudinary.com/dbf3lhk94/image/upload/v1785554706/luh4u5rnwzpcs4kosgbn.png"
"cmqi29esq000104jul11c2g04","Chili Garlic Noodles","cmt59fuss0000tgidoc35458x","Fast Food & Restaurant Kitchen","restaurant-food","A.S. Restaurant",95,95,0,"",99999,YES,NO,NO,"chinese, chinese, chinese-cuisine, chinese cuisine, veg, restaurant, restaurant","https://res.cloudinary.com/dbf3lhk94/image/upload/v1785554840/qksldvg1st197rkmxcap.png"
"cmqjdrdpt000004jsmk69y8tb","Chili Garlic Rice","cmt59fuss0000tgidoc35458x","Fast Food & Restaurant Kitchen","restaurant-food","A.S. Restaurant",95,95,0,"",99999,YES,NO,NO,"rice-dishes, rice-dishes, rice dishes, rice-dish, rice dish, biryani, pulav, veg, restaurant, restaurant","https://res.cloudinary.com/dbf3lhk94/image/upload/v1785554857/tozmfoaqwpvwbuupodfh.png"
"cmqi33m21000004jj1jm44pjh","Chili Paneer","cmt59fuss0000tgidoc35458x","Fast Food & Restaurant Kitchen","restaurant-food","A.S. Restaurant",135,179,25,"",99999,YES,NO,NO,"chinese, chinese, chinese-cuisine, chinese cuisine, veg, restaurant, restaurant","https://res.cloudinary.com/dbf3lhk94/image/upload/v1785554863/bwvnoxqxpxika8n7in8z.png"
"cmqi2saaw000004l79ak7g2sr","Chili Potato","cmt59fuss0000tgidoc35458x","Fast Food & Restaurant Kitchen","restaurant-food","A.S. Restaurant",85,99,14,"",99999,YES,NO,NO,"chinese, chinese, chinese-cuisine, chinese cuisine, veg, restaurant, restaurant","https://res.cloudinary.com/dbf3lhk94/image/upload/v1785554866/qg7ig0onzcnpjsushh3w.png"
"cmrm186ze000004l7yr23turt","Chilli Garlic Naan","cmt59fuss0000tgidoc35458x","Fast Food & Restaurant Kitchen","restaurant-food","Wedson Restaurant",69,69,0,"1 Naan",999,YES,NO,NO,"restaurant, roti-naan-kulcha","https://res.cloudinary.com/dbf3lhk94/image/upload/v1785554893/bwgiduqqutultng2b1sn.png"
"cmseddpb5000104l4bxq4dz2h","Chilli Mushroom ","cmt59fuss0000tgidoc35458x","Fast Food & Restaurant Kitchen","restaurant-food","Bal Udyan Restaurant",225,225,0,"",999,YES,NO,NO,"starter, restaurant","https://res.cloudinary.com/dbf3lhk94/image/upload/v1785830512/sfwwsj0onwy5fq231svn.png"
"cmsedbns5000104l6vltn20ag","Chilli Paneer","cmt59fuss0000tgidoc35458x","Fast Food & Restaurant Kitchen","restaurant-food","Bal Udyan Restaurant",199,199,0,"1 Plate",999,YES,NO,NO,"starters-tandoori, special-starters, tandoori-nawab-nawab, starter, starters, kebabs, tikka, chaap, veg, restaurant, restaurant","https://res.cloudinary.com/dbf3lhk94/image/upload/v1785835234/f2f1zh51drl8naynzfjt.png"
"cmrsrjxhp000204ktwuv4eqxx","Choclate Shake","cmt59fuss0000tgidoc35458x","Fast Food & Restaurant Kitchen","restaurant-food","Wedson Restaurant",113,119,5,"",999,YES,NO,NO,"desserts, shake, shakes, ice-cream","https://res.cloudinary.com/dbf3lhk94/image/upload/v1785554601/e2g3mgblgbvftoljsb7v.png"
"cmqhzjf0x000004l13sdhh9ws","Choco Delight","cmt59fuss0000tgidoc35458x","Fast Food & Restaurant Kitchen","restaurant-food","A.S. Restaurant",85,85,0,"300 ml",999,YES,NO,NO,"cold-coffee, cold-coffee, cold coffee, iced coffee, iced-coffee, coldcoffee, shake, shakes, veg, restaurant, restaurant","https://res.cloudinary.com/dbf3lhk94/image/upload/v1785554865/ptpkx7is7q9br5emyew8.png"
"cmqhztm5k000004jud47mx8o0","Chocolate Shake","cmt59fuss0000tgidoc35458x","Fast Food & Restaurant Kitchen","restaurant-food","A.S. Restaurant",90,90,0,"300 ml",999,YES,NO,NO,"shakes, shakes, shake, milkshake, milkshakes, veg, restaurant, restaurant","https://res.cloudinary.com/dbf3lhk94/image/upload/v1785554847/cs5ambutohyznbkzdimd.png"
"cmsdlgl7e000004l2ibqytuun","Chola Kulcha","cmt59fuss0000tgidoc35458x","Fast Food & Restaurant Kitchen","restaurant-food","Bal Udyan Restaurant",110,110,0,"",999,YES,NO,NO,"breakfast, restaurant","https://res.cloudinary.com/dbf3lhk94/image/upload/v1785554796/hx6qbg8i3anztvxcribb.jpg"
"cmrluzvl1000104l6e65kbwvs","Chola Kulcha ( 2 Pc)","cmt59fuss0000tgidoc35458x","Fast Food & Restaurant Kitchen","restaurant-food","Wedson Restaurant",149,149,0,"",999,NO,NO,NO,"restaurant, breakfast","https://res.cloudinary.com/dbf3lhk94/image/upload/v1785554796/hx6qbg8i3anztvxcribb.jpg"
"cmsdlhz7j000304l266vxi7sp","Chola Paneer Kulcha","cmt59fuss0000tgidoc35458x","Fast Food & Restaurant Kitchen","restaurant-food","Bal Udyan Restaurant",129,129,0,"",999,YES,NO,NO,"breakfast, restaurant","https://res.cloudinary.com/dbf3lhk94/image/upload/v1785554796/hx6qbg8i3anztvxcribb.jpg"
"cmsdl3o7z000104kyfe3g61yg","Chole Bhature","cmt59fuss0000tgidoc35458x","Fast Food & Restaurant Kitchen","restaurant-food","Bal Udyan Restaurant",110,110,0,"2 pc",997,YES,NO,NO,"breakfast, paratha, poori, chole-bhature, nashta, poha, veg, restaurant","https://res.cloudinary.com/dbf3lhk94/image/upload/v1785554764/h2pygedvevtlyorbd5ms.jpg"
"cmrluylaw000004l6vf9rhjgc","Chole Bhature (2Pc)","cmt59fuss0000tgidoc35458x","Fast Food & Restaurant Kitchen","restaurant-food","Wedson Restaurant",129,129,0,"",999,NO,NO,NO,"restaurant, breakfast","https://res.cloudinary.com/dbf3lhk94/image/upload/v1785554764/h2pygedvevtlyorbd5ms.jpg"
"cmqhykgmz000004jucm99q59h","Classic Cold Coffee","cmt59fuss0000tgidoc35458x","Fast Food & Restaurant Kitchen","restaurant-food","A.S. Restaurant",60,60,0,"300ml",999,YES,NO,NO,"cold-coffee, cold-coffee, cold coffee, iced coffee, iced-coffee, coldcoffee, shake, shakes, veg, restaurant, restaurant","https://res.cloudinary.com/dbf3lhk94/image/upload/v1785554608/hlj2raqrvjq1d1zuevyb.png"
"cmqhe2f60000004js1qdbd61j","Coca Cola ","cmt59fuss0000tgidoc35458x","Fast Food & Restaurant Kitchen","restaurant-food","Bal Udyan Restaurant",29,30,3,"1 Can",999,NO,NO,NO,"beverages, chilled, drinks, soft-drink","https://res.cloudinary.com/dbf3lhk94/image/upload/v1785554635/drnz9at8o9bokv4mmimg.png"
"cmrsxo4uk000404l9roou2ogp","Corn Cheese Ball","cmt59fuss0000tgidoc35458x","Fast Food & Restaurant Kitchen","restaurant-food","Wedson Restaurant",149,149,5,"",999,YES,NO,NO,"restaurant, starter","https://res.cloudinary.com/dbf3lhk94/image/upload/v1785554771/h9czguw12dzzy01sxshs.png"
"cmrt08rum000204jpj1zgzdu6","Corn Cheese Pizza","cmt59fuss0000tgidoc35458x","Fast Food & Restaurant Kitchen","restaurant-food","Wedson Restaurant",199,199,5,"",999,YES,NO,NO,"pizza, restaurant","https://res.cloudinary.com/dbf3lhk94/image/upload/v1785554790/gn16nsihphepzshghvaf.png"
"cmsecxl1j000504kvmtkvqrms","Corn Cheeze Ball","cmt59fuss0000tgidoc35458x","Fast Food & Restaurant Kitchen","restaurant-food","Bal Udyan Restaurant",130,130,0,"",999,YES,NO,NO,"starter, restaurant","https://res.cloudinary.com/dbf3lhk94/image/upload/v1785554771/h9czguw12dzzy01sxshs.png"
"cmqhv7a50000104jxa8x5anbw","Corn Cheeze Burger","cmt59fuss0000tgidoc35458x","Fast Food & Restaurant Kitchen","restaurant-food","A.S. Restaurant",80,80,0,"",99999,YES,NO,NO,"burgers, burgers, burger, veg-burger, cheese-burger, paneer-burger, veg, restaurant, restaurant","https://res.cloudinary.com/dbf3lhk94/image/upload/v1785554645/zujg4nvqlypqcbpi3nc3.png"
"cmqhxvnfr000004jxq2npqa3s","Corn Cheeze Garlic Bread","cmt59fuss0000tgidoc35458x","Fast Food & Restaurant Kitchen","restaurant-food","A.S. Restaurant",105,105,0,"4 Pcs",99999,YES,NO,NO,"garlic-bread, garlic-bread, garlic bread, garlic-breads, veg, restaurant, restaurant","https://res.cloudinary.com/dbf3lhk94/image/upload/v1785554824/jpkadz885kqq8ftcqdry.png"
"cmqhvw0f8000104i8i4549ujo","Corn Cheeze Sandwitch","cmt59fuss0000tgidoc35458x","Fast Food & Restaurant Kitchen","restaurant-food","A.S. Restaurant",90,90,0,"",99999,YES,NO,NO,"sandwiches, sandwiches, sandwich, veg, restaurant, restaurant","https://res.cloudinary.com/dbf3lhk94/image/upload/v1785554827/oifbfly68pgoadv8y7gy.png"
"cmseeaqi9000304jy6sxl6y0t","Crispy Corn ","cmt59fuss0000tgidoc35458x","Fast Food & Restaurant Kitchen","restaurant-food","Bal Udyan Restaurant",149,149,0,"",999,YES,NO,NO,"starter, restaurant","https://res.cloudinary.com/dbf3lhk94/image/upload/v1785832053/kto2zgqyeqbkymsvffql.png"
"cmsedk7o0000404jpja0plzms","Dahi ke Kabab","cmt59fuss0000tgidoc35458x","Fast Food & Restaurant Kitchen","restaurant-food","Bal Udyan Restaurant",149,149,0,"",999,YES,NO,NO,"starter, restaurant","https://res.cloudinary.com/dbf3lhk94/image/upload/v1785554650/tksuohho2kcknyy8wz3q.png"
"cmru4tsz7000c04jovcpga6h3","Dahi ke Kebab","cmt59fuss0000tgidoc35458x","Fast Food & Restaurant Kitchen","restaurant-food","Wedson Restaurant",199,199,5,"",999,YES,NO,NO,"restaurant, special-starters","https://res.cloudinary.com/dbf3lhk94/image/upload/v1785554650/tksuohho2kcknyy8wz3q.png"
"cmsegqv52000d04ju3hizxhs5","Dal Fry","cmt59fuss0000tgidoc35458x","Fast Food & Restaurant Kitchen","restaurant-food","Bal Udyan Restaurant",120,120,0,"",999,YES,NO,NO,"dal, restaurant","https://res.cloudinary.com/dbf3lhk94/image/upload/v1785554882/kwuf0uuohzjxruynjupe.png"
"cmrmgwve5000104lexwyi9zib","Dal Fry","cmt59fuss0000tgidoc35458x","Fast Food & Restaurant Kitchen","restaurant-food","Wedson Restaurant",139,139,0,"",998,YES,NO,NO,"restaurant, dal","https://res.cloudinary.com/dbf3lhk94/image/upload/v1785554882/kwuf0uuohzjxruynjupe.png"
"cmrmh8a1c000004l182ri9eo8","Dal Jeera Se","cmt59fuss0000tgidoc35458x","Fast Food & Restaurant Kitchen","restaurant-food","Wedson Restaurant",149,149,0,"",999,YES,NO,NO,"dal, restaurant","https://res.cloudinary.com/dbf3lhk94/image/upload/v1785554901/zyfp0pol1cynj6pwddil.png"
"cmrmgyxvq000204jspcd2gq1i","Dal Makhani","cmt59fuss0000tgidoc35458x","Fast Food & Restaurant Kitchen","restaurant-food","Wedson Restaurant",219,219,0,"",999,YES,NO,NO,"restaurant, dal","https://res.cloudinary.com/dbf3lhk94/image/upload/v1785554900/irdvwzmwr7xoyhifeefg.png"
"cmsegs7fw000i04juj0rlaxhq","Dal Makhani ","cmt59fuss0000tgidoc35458x","Fast Food & Restaurant Kitchen","restaurant-food","Bal Udyan Restaurant",180,180,0,"",999,YES,NO,NO,"dal, restaurant","https://res.cloudinary.com/dbf3lhk94/image/upload/v1785554900/irdvwzmwr7xoyhifeefg.png"
"cmrmgxs81000104jssg6x3tdb","Dal tadka","cmt59fuss0000tgidoc35458x","Fast Food & Restaurant Kitchen","restaurant-food","Wedson Restaurant",169,169,0,"",999,YES,NO,NO,"restaurant, dal","https://res.cloudinary.com/dbf3lhk94/image/upload/v1785554891/c66hye2tfhwnsedxrjfl.png"
"cmsegrkv9000g04jufcn3b1v5","Dal Tadka","cmt59fuss0000tgidoc35458x","Fast Food & Restaurant Kitchen","restaurant-food","Bal Udyan Restaurant",149,149,0,"",999,YES,NO,NO,"dal, restaurant","https://res.cloudinary.com/dbf3lhk94/image/upload/v1785554891/c66hye2tfhwnsedxrjfl.png"
"cmqhtemk7000004i6oc8bc5ee","Desi Style Pizza","cmt59fuss0000tgidoc35458x","Fast Food & Restaurant Kitchen","restaurant-food","A.S. Restaurant",129,139,7,"",99999,YES,NO,NO,"pizza, restaurant","https://res.cloudinary.com/dbf3lhk94/image/upload/v1785554762/uwzfdyyy2j03camwjv4c.png"
"cmrt3sf7u000204jpvz39vqv7","Double Tikki Burger ","cmt59fuss0000tgidoc35458x","Fast Food & Restaurant Kitchen","restaurant-food","Wedson Restaurant",89,89,4,"",999,YES,NO,NO,"burger, restaurant","https://res.cloudinary.com/dbf3lhk94/image/upload/v1785554618/nemhezdejgnkkwt9pr7s.png"
"cmqrr4sb4000104jy5bossral","Extra Pav","cmt59fuss0000tgidoc35458x","Fast Food & Restaurant Kitchen","restaurant-food","A.S. Restaurant",25,39,36,"1 Pav ( 3Pcs)",999,YES,NO,NO,"bombay-bites, bombay-bites, bombay bites, bombay-bite, bombay bite, veg, restaurant, restaurant","https://res.cloudinary.com/dbf3lhk94/image/upload/v1785554867/lpm6vu0h3dy81svas0ns.png"
"cmsee6l2f000104jytdauw6o0","Extra Pav ","cmt59fuss0000tgidoc35458x","Fast Food & Restaurant Kitchen","restaurant-food","Bal Udyan Restaurant",30,30,0,"",999,YES,NO,NO,"starter, restaurant","https://res.cloudinary.com/dbf3lhk94/image/upload/v1785554867/lpm6vu0h3dy81svas0ns.png"
"cmsecwr2g000404kvj5uc0tr2","French Fries ","cmt59fuss0000tgidoc35458x","Fast Food & Restaurant Kitchen","restaurant-food","Bal Udyan Restaurant",79,79,0,"",999,YES,NO,NO,"starter, restaurant","https://res.cloudinary.com/dbf3lhk94/image/upload/v1785554846/ssefzddc06eudjzcadvl.png"
"cmqi40nph000204l4doqm7pvl","French Fries/ Finger","cmt59fuss0000tgidoc35458x","Fast Food & Restaurant Kitchen","restaurant-food","A.S. Restaurant",50,50,0,"",99999,YES,NO,NO,"hot-bite, hot-bite, snacks, momos, veg, restaurant, restaurant","https://res.cloudinary.com/dbf3lhk94/image/upload/v1785554846/ssefzddc06eudjzcadvl.png"
"cmrm178zr000204jzhwyifbf4","Garlic Naan","cmt59fuss0000tgidoc35458x","Fast Food & Restaurant Kitchen","restaurant-food","Wedson Restaurant",59,59,0,"1 Naan",999,YES,NO,NO,"restaurant, roti-naan-kulcha","https://res.cloudinary.com/dbf3lhk94/image/upload/v1785554892/gx0akvm7iojjvhljfkqd.png"
"cmse8ki1y000404lalyxste54","Garlic Naan","cmt59fuss0000tgidoc35458x","Fast Food & Restaurant Kitchen","restaurant-food","Bal Udyan Restaurant",50,50,0,"",999,YES,NO,NO,"roti-naan-kulcha, restaurant","https://res.cloudinary.com/dbf3lhk94/image/upload/v1785554892/gx0akvm7iojjvhljfkqd.png"
"cmqhz56ri000004juemwv5bqn","Green Apple Mojito","cmt59fuss0000tgidoc35458x","Fast Food & Restaurant Kitchen","restaurant-food","A.S. Restaurant",80,80,0,"300 ml",999,YES,NO,NO,"mocktails, mocktails, mocktail, coolers, cooler, mojito, veg, restaurant, restaurant","https://res.cloudinary.com/dbf3lhk94/image/upload/v1785554817/nbzvh9aulvbdwlzmtget.png"
"cmqhyzera000204juu848lxrz","Green Mint Mojito","cmt59fuss0000tgidoc35458x","Fast Food & Restaurant Kitchen","restaurant-food","A.S. Restaurant",80,80,0,"300 ml",999,YES,NO,NO,"mocktails, mocktails, mocktail, coolers, cooler, mojito, veg, restaurant, restaurant","https://res.cloudinary.com/dbf3lhk94/image/upload/v1785554820/exnmrmys3ghvvnfnwedc.png"
"cmqi1vyf3000004l8lf96p8qt","Hakka Noodles","cmt59fuss0000tgidoc35458x","Fast Food & Restaurant Kitchen","restaurant-food","A.S. Restaurant",85,85,0,"",99999,YES,NO,NO,"chinese, chinese, chinese-cuisine, chinese cuisine, veg, restaurant, restaurant","https://res.cloudinary.com/dbf3lhk94/image/upload/v1785554842/dcqviromou4whheef4ot.png"
"cmrz8g1uk000g04l7jjp3mmy6","Hakka Noodles","cmt59fuss0000tgidoc35458x","Fast Food & Restaurant Kitchen","restaurant-food","Wedson Restaurant",159,159,6,"",999,YES,NO,NO,"restaurant, special-starters","https://res.cloudinary.com/dbf3lhk94/image/upload/v1784915142/mv5mg8n4bxs6pgk6fsf5.png"
"cmsdmpw6v000204lesdu8r1yy","Handi Paneer","cmt59fuss0000tgidoc35458x","Fast Food & Restaurant Kitchen","restaurant-food","Bal Udyan Restaurant",249,249,0,"",998,YES,NO,NO,"restaurant, main-course","https://res.cloudinary.com/dbf3lhk94/image/upload/v1785554886/exfm1opwpeyhdm87hbih.png"
"cmrlmq9ia000904l58smri8vt","Handi Paneer","cmt59fuss0000tgidoc35458x","Fast Food & Restaurant Kitchen","restaurant-food","Wedson Restaurant",299,299,0,"",999,YES,NO,NO,"restaurant, main-course","https://res.cloudinary.com/dbf3lhk94/image/upload/v1785554886/exfm1opwpeyhdm87hbih.png"
"cmsechdyg000304jok87rnrqw","Hara Bhara Kabab ","cmt59fuss0000tgidoc35458x","Fast Food & Restaurant Kitchen","restaurant-food","Bal Udyan Restaurant",140,140,0,"",999,YES,NO,NO,"starter, restaurant","https://res.cloudinary.com/dbf3lhk94/image/upload/v1785829003/vl0ruxp0lv9kbdu6nb1d.png"
"cmru4yl1q000304i8zehivp8a","Hariyali Paneer Tikka","cmt59fuss0000tgidoc35458x","Fast Food & Restaurant Kitchen","restaurant-food","Wedson Restaurant",219,219,5,"",999,YES,NO,NO,"special-starters, restaurant","https://res.cloudinary.com/dbf3lhk94/image/upload/v1785554872/xokajudzbkr7zzavcys2.jpg"
"cmsedhkb1000404l4l8hbmoll","Honey Chilli Potato ","cmt59fuss0000tgidoc35458x","Fast Food & Restaurant Kitchen","restaurant-food","Bal Udyan Restaurant",169,169,0,"",999,YES,NO,NO,"starter, restaurant","https://res.cloudinary.com/dbf3lhk94/image/upload/v1785554866/qg7ig0onzcnpjsushh3w.png"
"cmrmfmc32000205jso77x37o0","Hydrabadi Handi Biryani ","cmt59fuss0000tgidoc35458x","Fast Food & Restaurant Kitchen","restaurant-food","Wedson Restaurant",249,249,0,"",999,YES,NO,NO,"restaurant, basmati-rice-/-biryani","https://res.cloudinary.com/dbf3lhk94/image/upload/v1785554774/viwpzb80zlmfauid5mmj.png"
"cmqhtp68g000004i6zpv2x2vs","Italian Pizza","cmt59fuss0000tgidoc35458x","Fast Food & Restaurant Kitchen","restaurant-food","A.S. Restaurant",129,139,7,"",99999,YES,NO,NO,"pizza, restaurant","https://res.cloudinary.com/dbf3lhk94/image/upload/v1785554769/avhhr5fapqa28hhzoywg.png"
"cmrmf3dma000104joh21t7a2b","Jeera Rice","cmt59fuss0000tgidoc35458x","Fast Food & Restaurant Kitchen","restaurant-food","Wedson Restaurant",129,129,0,"",999,YES,NO,NO,"restaurant, basmati-rice-/-biryani","https://res.cloudinary.com/dbf3lhk94/image/upload/v1785554794/nueaunlnzm7kokvryywk.png"
"cmrlmvzcb000004l56sy2t36p","Kadhai Mushroom ","cmt59fuss0000tgidoc35458x","Fast Food & Restaurant Kitchen","restaurant-food","Wedson Restaurant",249,249,0,"",999,YES,NO,NO,"restaurant, main-course","https://res.cloudinary.com/dbf3lhk94/image/upload/v1785554885/etkcjdzal8qhbya3txmk.png"
"cmrlmx4xa000104l5s7bvtwfg","Kadhai Paneer","cmt59fuss0000tgidoc35458x","Fast Food & Restaurant Kitchen","restaurant-food","Wedson Restaurant",249,249,0,"",998,YES,NO,NO,"restaurant, main-course","https://res.cloudinary.com/dbf3lhk94/image/upload/v1785554726/qilafdaaajba2htwavwz.png"
"cmsdmfryt000404l78a0wbwle","Kadhai Paneer ","cmt59fuss0000tgidoc35458x","Fast Food & Restaurant Kitchen","restaurant-food","Bal Udyan Restaurant",239,239,0,"",999,YES,NO,NO,"main-course, restaurant","https://res.cloudinary.com/dbf3lhk94/image/upload/v1785554726/qilafdaaajba2htwavwz.png"
"cmse8n44x000704la72kq1nsv","Lachcha Paratha","cmt59fuss0000tgidoc35458x","Fast Food & Restaurant Kitchen","restaurant-food","Bal Udyan Restaurant",30,30,0,"",999,YES,NO,NO,"roti-naan-kulcha, restaurant","https://res.cloudinary.com/dbf3lhk94/image/upload/v1785554899/jyumvbdbxkjmmza77brq.png"
"cmrm1cpup000604l7kljgum7w","Lachha Paratha ","cmt59fuss0000tgidoc35458x","Fast Food & Restaurant Kitchen","restaurant-food","Wedson Restaurant",39,39,0,"1 Paratha",999,YES,NO,NO,"restaurant, roti-naan-kulcha","https://res.cloudinary.com/dbf3lhk94/image/upload/v1785554899/jyumvbdbxkjmmza77brq.png"
"cmsdlmtfi000904l1plhv5bds","Maggie","cmt59fuss0000tgidoc35458x","Fast Food & Restaurant Kitchen","restaurant-food","Bal Udyan Restaurant",70,70,0,"",999,YES,NO,NO,"breakfast, restaurant","https://res.cloudinary.com/dbf3lhk94/image/upload/v1785783905/lla6dg2ldd9p3c6t1mv3.png"
"cmqi2xyx5000004jj44kl54wt","Manchurian","cmt59fuss0000tgidoc35458x","Fast Food & Restaurant Kitchen","restaurant-food","A.S. Restaurant",85,99,14,"",99999,YES,NO,NO,"chinese, chinese, chinese-cuisine, chinese cuisine, veg, restaurant, restaurant","https://res.cloudinary.com/dbf3lhk94/image/upload/v1785554685/sl0dklgfttdsyvek2oh7.png"
"cmqhr6jb4000004kyqmmyp7vt","Margherita Pizza","cmt59fuss0000tgidoc35458x","Fast Food & Restaurant Kitchen","restaurant-food","A.S. Restaurant",99,109,9,"",99999,YES,NO,NO,"pizza, restaurant","https://res.cloudinary.com/dbf3lhk94/image/upload/v1785554775/jnswhri3tvexrmux72pk.png"
"cmrlmuw8i000104l74y76d28i","Matar Mushroom ","cmt59fuss0000tgidoc35458x","Fast Food & Restaurant Kitchen","restaurant-food","Wedson Restaurant",249,249,0,"",999,YES,NO,NO,"restaurant, main-course","https://res.cloudinary.com/dbf3lhk94/image/upload/v1785554667/cxgiwi1j7rvjthhgrara.png"
"cmrlmr8xn000a04l50b7umfb1","Matar Paneer","cmt59fuss0000tgidoc35458x","Fast Food & Restaurant Kitchen","restaurant-food","Wedson Restaurant",239,239,0,"",999,YES,NO,NO,"main-course, restaurant","https://res.cloudinary.com/dbf3lhk94/image/upload/v1785554742/acebp2doad6dsfgnbnk3.png"
"cmsdmgnrz000604l7peuxmqsb","Matar Paneer ","cmt59fuss0000tgidoc35458x","Fast Food & Restaurant Kitchen","restaurant-food","Bal Udyan Restaurant",200,200,0,"",998,YES,NO,NO,"main-course, restaurant","https://res.cloudinary.com/dbf3lhk94/image/upload/v1785554742/acebp2doad6dsfgnbnk3.png"
"cmrmf5oj6000204jockdd0qni","Matar Pulav","cmt59fuss0000tgidoc35458x","Fast Food & Restaurant Kitchen","restaurant-food","Wedson Restaurant",139,139,0,"",999,YES,NO,NO,"restaurant, basmati-rice-/-biryani","https://res.cloudinary.com/dbf3lhk94/image/upload/v1785554888/lrwblc1oadgni72rra1y.png"
"cmrm199qj000104l79guia4eq","Missi Roti","cmt59fuss0000tgidoc35458x","Fast Food & Restaurant Kitchen","restaurant-food","Wedson Restaurant",39,39,0,"1 Roti",999,YES,NO,NO,"restaurant, roti-naan-kulcha","https://res.cloudinary.com/dbf3lhk94/image/upload/v1785554895/ib4eyfadxmlvprncvlal.png"
"cmse842fn000904l8r120d3v6","Missi Roti","cmt59fuss0000tgidoc35458x","Fast Food & Restaurant Kitchen","restaurant-food","Bal Udyan Restaurant",25,25,0,"",999,YES,NO,NO,"roti-naan-kulcha, restaurant","https://res.cloudinary.com/dbf3lhk94/image/upload/v1785554895/ib4eyfadxmlvprncvlal.png"
"cmseejw1w001j04kv7oiuzm1c","Mix Pakodi","cmt59fuss0000tgidoc35458x","Fast Food & Restaurant Kitchen","restaurant-food","Bal Udyan Restaurant",100,100,0,"",999,YES,NO,NO,"starter, restaurant","https://res.cloudinary.com/dbf3lhk94/image/upload/v1785832479/rdgvze5j08v1x42skqpd.png"
"cmsdltm2e000704jl3mab5vac","Mix Paratha ","cmt59fuss0000tgidoc35458x","Fast Food & Restaurant Kitchen","restaurant-food","Bal Udyan Restaurant",90,90,0,"",999,YES,NO,NO,"breakfast, restaurant","https://res.cloudinary.com/dbf3lhk94/image/upload/v1785784203/lywzapqodneiyuhsz51p.png"
"cmqigtmrg000004l11nz6jo3v","Mix Sauce Pasta","cmt59fuss0000tgidoc35458x","Fast Food & Restaurant Kitchen","restaurant-food","A.S. Restaurant",125,125,0,"",99999,YES,NO,NO,"italian-pasta, italian-pasta, italian-pastas, italian pasta's, pasta, veg, restaurant, restaurant","https://res.cloudinary.com/dbf3lhk94/image/upload/v1785554843/zfvepfz0l6nnzjs6sqse.png"
"cmqhxy8rt000204jxepz12vcs","Mix Veg Garlic Bread","cmt59fuss0000tgidoc35458x","Fast Food & Restaurant Kitchen","restaurant-food","A.S. Restaurant",110,110,0,"4 Pcs",99999,YES,NO,NO,"garlic-bread, garlic-bread, garlic bread, garlic-breads, veg, restaurant, restaurant","https://res.cloudinary.com/dbf3lhk94/image/upload/v1785554832/q99rlllaw3oxzbinplpp.png"
"cmsdndssi000404k1yys6qhiz","Mix Vegetable ","cmt59fuss0000tgidoc35458x","Fast Food & Restaurant Kitchen","restaurant-food","Bal Udyan Restaurant",199,199,0,"",999,YES,NO,NO,"main-course, restaurant","https://res.cloudinary.com/dbf3lhk94/image/upload/v1785786845/fbpr3yioba2o92zl8wdk.png"
"cmsdls2l4000504jlcsp8x3ej","Muli Paratha","cmt59fuss0000tgidoc35458x","Fast Food & Restaurant Kitchen","restaurant-food","Bal Udyan Restaurant",80,80,0,"",999,YES,NO,NO,"breakfast, restaurant","https://res.cloudinary.com/dbf3lhk94/image/upload/v1785784120/tywz0hhbqzlqnfbucv94.png"
"cmrlmszdd000c04l5jxtecg3t","Mushroom do pyaaza ","cmt59fuss0000tgidoc35458x","Fast Food & Restaurant Kitchen","restaurant-food","Wedson Restaurant",249,249,0,"",999,YES,NO,NO,"main-course, restaurant","https://res.cloudinary.com/dbf3lhk94/image/upload/v1785554896/e30jghrvkfmln9chk7xx.png"
"cmrmz9eeb000004kzx2kogy0b","Mushroom Malai Tikka","cmt59fuss0000tgidoc35458x","Fast Food & Restaurant Kitchen","restaurant-food","Wedson Restaurant",249,249,0,"",999,YES,NO,NO,"restaurant, tandoori-nawab-nawab","https://res.cloudinary.com/dbf3lhk94/image/upload/v1785554884/qsee4jkzoy6tm9qg3d2b.png"
"cmrlmu2gh000004l7fysthp1q","Mushroom Masala ","cmt59fuss0000tgidoc35458x","Fast Food & Restaurant Kitchen","restaurant-food","Wedson Restaurant",249,249,0,"",999,YES,NO,NO,"restaurant, main-course","https://res.cloudinary.com/dbf3lhk94/image/upload/v1785554890/afkh1ycvqqtdhrg7tjpz.png"
"cmsegeeng000404l86cowx2kp","Mushroom Tikka ","cmt59fuss0000tgidoc35458x","Fast Food & Restaurant Kitchen","restaurant-food","Bal Udyan Restaurant",220,220,0,"",999,YES,NO,NO,"tandoori-nawab-nawab, restaurant","https://res.cloudinary.com/dbf3lhk94/image/upload/v1785554904/ktsue5cm3cqcgnvrefge.png"
"cmsegf9lv000i04ldlv3qg9sm","Mushroom Tikka Malai","cmt59fuss0000tgidoc35458x","Fast Food & Restaurant Kitchen","restaurant-food","Bal Udyan Restaurant",249,249,0,"",999,YES,NO,NO,"tandoori-nawab-nawab, restaurant","https://res.cloudinary.com/dbf3lhk94/image/upload/v1785554884/qsee4jkzoy6tm9qg3d2b.png"
"cmrmz20np000404jp6irdfppn","Mushroom Tikka Masala ","cmt59fuss0000tgidoc35458x","Fast Food & Restaurant Kitchen","restaurant-food","Wedson Restaurant",239,239,0,"",999,YES,NO,NO,"restaurant, tandoori-nawab-nawab","https://res.cloudinary.com/dbf3lhk94/image/upload/v1785554904/ktsue5cm3cqcgnvrefge.png"
"cmse8o68v000804lajfl4vd4n","Onion Kulcha","cmt59fuss0000tgidoc35458x","Fast Food & Restaurant Kitchen","restaurant-food","Bal Udyan Restaurant",55,55,0,"",999,YES,NO,NO,"roti-naan-kulcha, restaurant","https://res.cloudinary.com/dbf3lhk94/image/upload/v1785554897/vr8afgoq0nijdophkqos.jpg"
"cmqhrugyu000004i98zvpckjq","Onion Pizza","cmt59fuss0000tgidoc35458x","Fast Food & Restaurant Kitchen","restaurant-food","A.S. Restaurant",109,119,8,"",99999,YES,NO,NO,"pizza, restaurant","https://res.cloudinary.com/dbf3lhk94/image/upload/v1785554718/rcxpm8ivymi8snzz7wjs.png"
"cmqhzvpd3000104l1zw5ckyhs","Oreo Chocolate Shake","cmt59fuss0000tgidoc35458x","Fast Food & Restaurant Kitchen","restaurant-food","A.S. Restaurant",100,100,0,"300 ml",999,YES,NO,NO,"shakes, shakes, shake, milkshake, milkshakes, veg, restaurant, restaurant","https://res.cloudinary.com/dbf3lhk94/image/upload/v1785554853/vuoycgifqutesnhtf2yg.png"
"cmrsrzdeq000304kte45vq50j","Oreo Shake","cmt59fuss0000tgidoc35458x","Fast Food & Restaurant Kitchen","restaurant-food","Wedson Restaurant",119,119,5,"",999,YES,NO,NO,"shake, restaurant","https://res.cloudinary.com/dbf3lhk94/image/upload/v1785554616/n0myslfddht8frazvz2q.png"
"cmsdmle88000404l9qf8te46e","Palak Paneer","cmt59fuss0000tgidoc35458x","Fast Food & Restaurant Kitchen","restaurant-food","Bal Udyan Restaurant",125,125,0,"",999,YES,NO,NO,"main-course, restaurant","https://res.cloudinary.com/dbf3lhk94/image/upload/v1785785486/o73hpybh6nu1rxvpfxy2.png"
"cmsed8908000104jpzcbqokt0","Paneer 65","cmt59fuss0000tgidoc35458x","Fast Food & Restaurant Kitchen","restaurant-food","Bal Udyan Restaurant",130,130,0,"",999,YES,NO,NO,"starter, restaurant","https://res.cloudinary.com/dbf3lhk94/image/upload/v1785830257/ijpze7rmfmhlgsyyc7we.png"
"cmsdmhqj3000205l6f9i3x09q","Paneer Bhurji","cmt59fuss0000tgidoc35458x","Fast Food & Restaurant Kitchen","restaurant-food","Bal Udyan Restaurant",199,199,0,"Full plate",99999,YES,NO,NO,"main-course, north-indian, curry, dal-makhani, paneer-butter-masala, paneer, main-course, dal, veg, restaurant, restaurant","https://res.cloudinary.com/dbf3lhk94/image/upload/v1785554695/tsonhfoqry6whw4l1tyh.png"
"cmrlmp3cg000404l5eqemt275","Paneer Bhurji","cmt59fuss0000tgidoc35458x","Fast Food & Restaurant Kitchen","restaurant-food","Wedson Restaurant",249,249,0,"",999,YES,NO,NO,"main-course, restaurant","https://res.cloudinary.com/dbf3lhk94/image/upload/v1785554695/tsonhfoqry6whw4l1tyh.png"
"cmrt3vbmg000704jpx4tcnvd5","Paneer Burger","cmt59fuss0000tgidoc35458x","Fast Food & Restaurant Kitchen","restaurant-food","Wedson Restaurant",109,109,4,"",999,YES,NO,NO,"burger, restaurant","https://res.cloudinary.com/dbf3lhk94/image/upload/v1785554648/ezgz1lktun2ngvbqenc9.png"
"cmqhv2kmm000104ib8qg2hypi","Paneer Burger","cmt59fuss0000tgidoc35458x","Fast Food & Restaurant Kitchen","restaurant-food","A.S. Restaurant",50,50,0,"",99999,YES,NO,NO,"burgers, burgers, burger, veg-burger, cheese-burger, paneer-burger, veg, restaurant, restaurant","https://res.cloudinary.com/dbf3lhk94/image/upload/v1785554833/fh0qrsbmyuejz8kaitk8.png"
"cmsdmczca000104l7nbptmnn0","Paneer Butter Masala","cmt59fuss0000tgidoc35458x","Fast Food & Restaurant Kitchen","restaurant-food","Bal Udyan Restaurant",225,225,0,"Full ",9999,YES,NO,NO,"main-course, north-indian, curry, dal-makhani, paneer-butter-masala, paneer, main-course, dal, veg, restaurant, restaurant","https://images.unsplash.com/photo-1631452180519-c014fe946bc7?w=600&auto=format&fit=crop&q=80"
"cmrl24qmo000004jr7ev2408f","Paneer Butter Masala ","cmt59fuss0000tgidoc35458x","Fast Food & Restaurant Kitchen","restaurant-food","Wedson Restaurant",239,239,0,"",999,YES,NO,NO,"restaurant, main-course","https://res.cloudinary.com/dbf3lhk94/image/upload/v1785554587/i9yp79qxtx63m9z7ptsz.png"
"cmqhv67ku000004jxd0rt6tz2","Paneer Cheeze Burger","cmt59fuss0000tgidoc35458x","Fast Food & Restaurant Kitchen","restaurant-food","A.S. Restaurant",75,75,0,"",99999,YES,NO,NO,"burgers, burgers, burger, veg-burger, cheese-burger, paneer-burger, veg, restaurant, restaurant","https://res.cloudinary.com/dbf3lhk94/image/upload/v1785554727/doievgdltayewf430mru.png"
"cmqj7jiiy000204jv9ggxmt64","Paneer Cheeze Frankie Roll","cmt59fuss0000tgidoc35458x","Fast Food & Restaurant Kitchen","restaurant-food","A.S. Restaurant",90,90,0,"",99999,YES,NO,NO,"frankie-rolls, frankie-rolls, frankie rolls, frankie-roll, frankie roll, rolls, roll, kathi roll, kathi-roll, veg, restaurant, restaurant","https://res.cloudinary.com/dbf3lhk94/image/upload/v1785554861/k4aesx36gfshdqy88od1.png"
"cmqhxwyd8000104jxwte0tsvg","Paneer Cheeze Garlic Bread","cmt59fuss0000tgidoc35458x","Fast Food & Restaurant Kitchen","restaurant-food","A.S. Restaurant",115,115,0,"4 Pcs",99999,YES,NO,NO,"garlic-bread, garlic-bread, garlic bread, garlic-breads, veg, restaurant, restaurant","https://res.cloudinary.com/dbf3lhk94/image/upload/v1785554823/r3h4jrww8lrxlov8u7hh.png"
"cmqhvscox000004i88wio37ya","Paneer Cheeze Sandwitch","cmt59fuss0000tgidoc35458x","Fast Food & Restaurant Kitchen","restaurant-food","A.S. Restaurant",90,90,0,"",99999,YES,NO,NO,"sandwiches, sandwiches, sandwich, veg, restaurant, restaurant","https://res.cloudinary.com/dbf3lhk94/image/upload/v1785554701/tcbiudsqnb7etrtnphha.png"
"cmsdmui3k000804l9ifgkbkco","Paneer Dil Bahar","cmt59fuss0000tgidoc35458x","Fast Food & Restaurant Kitchen","restaurant-food","Bal Udyan Restaurant",280,280,0,"",999,YES,NO,NO,"main-course, restaurant","https://res.cloudinary.com/dbf3lhk94/image/upload/v1785785941/jv6itdwdlez5yfmzr2zw.png"
"cmrl2gmxh000004jst4bq85c1","Paneer do pyaaza","cmt59fuss0000tgidoc35458x","Fast Food & Restaurant Kitchen","restaurant-food","Wedson Restaurant",289,289,0,"",999,YES,NO,NO,"restaurant, main-course","https://res.cloudinary.com/dbf3lhk94/image/upload/v1785554889/jdezj9xuh9tnisvor1ho.png"
"cmsdmeyah000304l79xltycux","Paneer Do Pyaaza","cmt59fuss0000tgidoc35458x","Fast Food & Restaurant Kitchen","restaurant-food","Bal Udyan Restaurant",240,240,0,"Full",99999,YES,NO,NO,"main-course, north-indian, curry, dal-makhani, paneer-butter-masala, paneer, main-course, dal, veg, restaurant, restaurant","https://res.cloudinary.com/dbf3lhk94/image/upload/v1785554889/jdezj9xuh9tnisvor1ho.png"
"cmqj7h4vv000104jv1m9nmhvo","Paneer Frankie Roll","cmt59fuss0000tgidoc35458x","Fast Food & Restaurant Kitchen","restaurant-food","A.S. Restaurant",80,80,0,"",99999,YES,NO,NO,"frankie-rolls, frankie-rolls, frankie rolls, frankie-roll, frankie roll, rolls, roll, kathi roll, kathi-roll, veg, restaurant, restaurant","https://res.cloudinary.com/dbf3lhk94/image/upload/v1785554854/nuyycckjvjtihna9valo.png"
"cmqi3xox3000104l4gspat3pi","Paneer Fried Momos","cmt59fuss0000tgidoc35458x","Fast Food & Restaurant Kitchen","restaurant-food","A.S. Restaurant",65,65,0,"8 Pcs",999,YES,NO,NO,"hot-bite, hot-bite, snacks, momos, veg, restaurant, restaurant","https://res.cloudinary.com/dbf3lhk94/image/upload/v1785554652/oxyoduwnhtvxigkyup6a.png"
"cmqjdbztr000104jswmqy0lxx","Paneer Fried Rice","cmt59fuss0000tgidoc35458x","Fast Food & Restaurant Kitchen","restaurant-food","A.S. Restaurant",105,105,0,"",99999,YES,NO,NO,"rice-dishes, rice-dishes, rice dishes, rice-dish, rice dish, biryani, pulav, veg, restaurant, restaurant","https://res.cloudinary.com/dbf3lhk94/image/upload/v1785554674/ds9okt7ualmhukvv18f2.png"
"cmqj7kgcm000304jvmx7w0kma","Paneer Kathi Roll","cmt59fuss0000tgidoc35458x","Fast Food & Restaurant Kitchen","restaurant-food","A.S. Restaurant",90,90,0,"",99999,YES,NO,NO,"frankie-rolls, frankie-rolls, frankie rolls, frankie-roll, frankie roll, rolls, roll, kathi roll, kathi-roll, veg, restaurant, restaurant","https://res.cloudinary.com/dbf3lhk94/image/upload/v1785554855/as2hj6jwrtscjdjgno8s.png"
"cmse8lu0t000504larmo0oh90","Paneer Kulcha ","cmt59fuss0000tgidoc35458x","Fast Food & Restaurant Kitchen","restaurant-food","Bal Udyan Restaurant",55,55,0,"",999,YES,NO,NO,"roti-naan-kulcha, restaurant","https://res.cloudinary.com/dbf3lhk94/image/upload/v1785554898/xojawfvlabvut82rubfs.jpg"
"cmrl2dfi2000104jyehvgdun1","Paneer Lababdaar","cmt59fuss0000tgidoc35458x","Fast Food & Restaurant Kitchen","restaurant-food","Wedson Restaurant",289,289,0,"",999,YES,NO,NO,"restaurant, main-course","https://res.cloudinary.com/dbf3lhk94/image/upload/v1785554615/l213jslzpfwaqwznirsl.png"
"cmsdmdyja000204l7a85zaut3","Paneer Lababdaar","cmt59fuss0000tgidoc35458x","Fast Food & Restaurant Kitchen","restaurant-food","Bal Udyan Restaurant",239,239,0,"Full",99999,YES,NO,NO,"main-course, north-indian, curry, dal-makhani, paneer-butter-masala, paneer, main-course, dal, veg, restaurant, restaurant","https://res.cloudinary.com/dbf3lhk94/image/upload/v1785554615/l213jslzpfwaqwznirsl.png"
"cmqhts7vn000004l1tom75kqk","Paneer Makhani Pizza","cmt59fuss0000tgidoc35458x","Fast Food & Restaurant Kitchen","restaurant-food","A.S. Restaurant",149,159,6,"",99999,YES,NO,NO,"pizza, restaurant","https://res.cloudinary.com/dbf3lhk94/image/upload/v1785554588/qlcqo7mq6hvk4dldsdve.png"
"cmsegc6ry000f04ldln5dhwnl","Paneer Malai Tikka ","cmt59fuss0000tgidoc35458x","Fast Food & Restaurant Kitchen","restaurant-food","Bal Udyan Restaurant",249,249,0,"",999,YES,NO,NO,"tandoori-nawab-nawab, restaurant","https://res.cloudinary.com/dbf3lhk94/image/upload/v1785554902/vg54p2j1pr1ngxmas2yp.png"
"cmrmyaa1w000104ldi88g5p3c","Paneer Malai Tikka ","cmt59fuss0000tgidoc35458x","Fast Food & Restaurant Kitchen","restaurant-food","Wedson Restaurant",269,269,0,"",999,YES,NO,NO,"restaurant, tandoori-nawab-nawab","https://res.cloudinary.com/dbf3lhk94/image/upload/v1785554902/vg54p2j1pr1ngxmas2yp.png"
"cmsedgeal000304l4gr1qu1gr","Paneer Manchurian ","cmt59fuss0000tgidoc35458x","Fast Food & Restaurant Kitchen","restaurant-food","Bal Udyan Restaurant",199,199,0,"",999,YES,NO,NO,"starter, restaurant","https://res.cloudinary.com/dbf3lhk94/image/upload/v1785830635/q02ysatbwmdoz9n3ai0h.png"
"cmqi21si4000004jubnu2g1cx","Paneer Noodles","cmt59fuss0000tgidoc35458x","Fast Food & Restaurant Kitchen","restaurant-food","A.S. Restaurant",95,95,0,"",99999,YES,NO,NO,"chinese, chinese, chinese-cuisine, chinese cuisine, veg, restaurant, restaurant","https://res.cloudinary.com/dbf3lhk94/image/upload/v1785554849/qbq0mgyrf5xhjoerx6pv.png"
"cmseej4pb001i04kv9jvy2cmt","Paneer Pakodi","cmt59fuss0000tgidoc35458x","Fast Food & Restaurant Kitchen","restaurant-food","Bal Udyan Restaurant",150,150,0,"",999,YES,NO,NO,"starter, restaurant","https://res.cloudinary.com/dbf3lhk94/image/upload/v1785832443/v4kpl5tgoze1evtq5kd6.png"
"cmsdlf4ws000704kycfb5zga3","Paneer Paratha","cmt59fuss0000tgidoc35458x","Fast Food & Restaurant Kitchen","restaurant-food","Bal Udyan Restaurant",99,99,0,"",999,YES,NO,NO,"breakfast, restaurant","https://res.cloudinary.com/dbf3lhk94/image/upload/v1785554672/kesmsk9vcsnev3vy3hyl.jpg"
"cmrlvvna6000304l01gaoau7n","Paneer Paratha (2 Pc)","cmt59fuss0000tgidoc35458x","Fast Food & Restaurant Kitchen","restaurant-food","Wedson Restaurant",149,149,0,"",999,NO,NO,NO,"restaurant, breakfast","https://res.cloudinary.com/dbf3lhk94/image/upload/v1785554672/kesmsk9vcsnev3vy3hyl.jpg"
"cmsdmoqvg000604l9detin6ga","Paneer Pasanda","cmt59fuss0000tgidoc35458x","Fast Food & Restaurant Kitchen","restaurant-food","Bal Udyan Restaurant",239,239,0,"",999,YES,NO,NO,"main-course, restaurant","https://res.cloudinary.com/dbf3lhk94/image/upload/v1785785676/j63zb071bl09w6q4v0xz.png"
"cmqhvpaww000204jx72plxjya","Paneer Sandwitch","cmt59fuss0000tgidoc35458x","Fast Food & Restaurant Kitchen","restaurant-food","A.S. Restaurant",80,80,0,"",99999,YES,NO,NO,"sandwiches, sandwiches, sandwich, veg, restaurant, restaurant","https://res.cloudinary.com/dbf3lhk94/image/upload/v1785554834/v1psynns7m5twaskkpfk.png"
"cmsegb6j3000e04ldl76a3tf0","Paneer Tikka ","cmt59fuss0000tgidoc35458x","Fast Food & Restaurant Kitchen","restaurant-food","Bal Udyan Restaurant",220,220,0,"",999,YES,NO,NO,"tandoori-nawab-nawab, restaurant","https://res.cloudinary.com/dbf3lhk94/image/upload/v1785554887/zxvlyykwvos3lvkdgg4e.png"
"cmrmxv377000104l4cl826asl","Paneer Tikka ","cmt59fuss0000tgidoc35458x","Fast Food & Restaurant Kitchen","restaurant-food","Wedson Restaurant",239,239,0,"",999,YES,NO,NO,"restaurant, tandoori-nawab-nawab","https://res.cloudinary.com/dbf3lhk94/image/upload/v1785554887/zxvlyykwvos3lvkdgg4e.png"
"cmrmflcmm000105jsautpv6kc","Paneer Tikka Biryani","cmt59fuss0000tgidoc35458x","Fast Food & Restaurant Kitchen","restaurant-food","Wedson Restaurant",269,269,0,"",998,YES,NO,NO,"restaurant, basmati-rice-/-biryani","https://res.cloudinary.com/dbf3lhk94/image/upload/v1785554881/tslsmu8gr2ibq1ssokds.png"
"cmrl1v5co000004il4r5m2ezn","Paneer Tikka Masala ","cmt59fuss0000tgidoc35458x","Fast Food & Restaurant Kitchen","restaurant-food","Wedson Restaurant",289,289,0,"",999,YES,NO,NO,"restaurant, main-course","https://res.cloudinary.com/dbf3lhk94/image/upload/v1785554772/dfdu55pgoptucfwdqsim.png"
"cmsdm5v2z000104kwpwb9t2be","Paneer Tikka Masala ","cmt59fuss0000tgidoc35458x","Fast Food & Restaurant Kitchen","restaurant-food","Bal Udyan Restaurant",239,239,0,"",999,YES,NO,NO,"main-course, restaurant","https://res.cloudinary.com/dbf3lhk94/image/upload/v1785554772/dfdu55pgoptucfwdqsim.png"
"cmrt0h30j000004jr0k0642zs","Paneer Tikka Pizza ","cmt59fuss0000tgidoc35458x","Fast Food & Restaurant Kitchen","restaurant-food","Wedson Restaurant",249,249,5,"",999,YES,NO,NO,"pizza, restaurant","https://res.cloudinary.com/dbf3lhk94/image/upload/v1785554797/nletqpm3lr56cvnvhiyr.png"
"cmsdmyqdl000104k1w46oisim","Paneer Tiranga ","cmt59fuss0000tgidoc35458x","Fast Food & Restaurant Kitchen","restaurant-food","Bal Udyan Restaurant",290,290,0,"",999,YES,NO,NO,"main-course, restaurant","https://res.cloudinary.com/dbf3lhk94/image/upload/v1785786141/jkmjvofh9yxyojscgtk3.png"
"cmsee5xry001e04kv7925ozvk","Pav bhaji ","cmt59fuss0000tgidoc35458x","Fast Food & Restaurant Kitchen","restaurant-food","Bal Udyan Restaurant",110,110,0,"",999,YES,NO,NO,"starter, restaurant","https://res.cloudinary.com/dbf3lhk94/image/upload/v1785554602/nsgzrcquyqaf7wleh0ot.png"
"cmrt0xqc2000d04jp0g6h4e69","Pavbhaji ","cmt59fuss0000tgidoc35458x","Fast Food & Restaurant Kitchen","restaurant-food","Wedson Restaurant",149,149,7,"",999,YES,NO,NO,"pizza, restaurant","https://res.cloudinary.com/dbf3lhk94/image/upload/v1785554602/nsgzrcquyqaf7wleh0ot.png"
"cmrswtpsz000004l7yn9z2oq0","Peanut Masala ","cmt59fuss0000tgidoc35458x","Fast Food & Restaurant Kitchen","restaurant-food","Wedson Restaurant",129,129,4,"",999,YES,NO,NO,"starter, restaurant","https://res.cloudinary.com/dbf3lhk94/image/upload/v1785554876/xupu70x9l7css3z72wqr.png"
"cmsec9luz000104kvtkg2cumw","Peanut Masala ","cmt59fuss0000tgidoc35458x","Fast Food & Restaurant Kitchen","restaurant-food","Bal Udyan Restaurant",99,99,0,"",999,YES,NO,NO,"starter, restaurant","https://res.cloudinary.com/dbf3lhk94/image/upload/v1785554876/xupu70x9l7css3z72wqr.png"
"cmseei5qt001h04kvqs2rsq45","Peri Peri French Fries ","cmt59fuss0000tgidoc35458x","Fast Food & Restaurant Kitchen","restaurant-food","Bal Udyan Restaurant",100,100,0,"",999,YES,NO,NO,"starter, restaurant","https://res.cloudinary.com/dbf3lhk94/image/upload/v1785832399/miyimosh27nwljaehzu3.png"
"cmrsryjif000204ktygqffk9g","Pineapple Shake","cmt59fuss0000tgidoc35458x","Fast Food & Restaurant Kitchen","restaurant-food","Wedson Restaurant",119,119,5,"",999,YES,NO,NO,"shake, restaurant","https://res.cloudinary.com/dbf3lhk94/image/upload/v1785554609/mmghujnnet3u52mbt5kq.png"
"cmrt5y0bg000604jp9i8240ay","Pink Pasta ","cmt59fuss0000tgidoc35458x","Fast Food & Restaurant Kitchen","restaurant-food","Wedson Restaurant",239,239,4,"",999,YES,NO,NO,"pasta, restaurant","https://res.cloudinary.com/dbf3lhk94/image/upload/v1785554714/ypaitnjpo41jlimcq9hq.png"
"cmqhvyb4x000204i8q8a2npdz","Pizza Sandwitch","cmt59fuss0000tgidoc35458x","Fast Food & Restaurant Kitchen","restaurant-food","A.S. Restaurant",135,135,0,"",99999,YES,NO,NO,"sandwiches, sandwiches, sandwich, veg, restaurant, restaurant","https://res.cloudinary.com/dbf3lhk94/image/upload/v1785554826/safwel3bn7ylo2twvxhb.png"
"cmrm15fvf000004jzdgouciuz","Plain Naan","cmt59fuss0000tgidoc35458x","Fast Food & Restaurant Kitchen","restaurant-food","Wedson Restaurant",35,35,0,"1 Naan",999,YES,NO,NO,"restaurant, roti-naan-kulcha","https://res.cloudinary.com/dbf3lhk94/image/upload/v1785554806/kxxtlzkn1lltaaybexcg.jpg"
"cmse84uag000004jpga7x2psr","Plain Naan ","cmt59fuss0000tgidoc35458x","Fast Food & Restaurant Kitchen","restaurant-food","Bal Udyan Restaurant",25,25,0,"",999,YES,NO,NO,"roti-naan-kulcha, restaurant","https://res.cloudinary.com/dbf3lhk94/image/upload/v1785554806/kxxtlzkn1lltaaybexcg.jpg"
"cmrlvy1pv000204kz9f6xxprs","Poha","cmt59fuss0000tgidoc35458x","Fast Food & Restaurant Kitchen","restaurant-food","Wedson Restaurant",99,99,0,"",998,NO,NO,NO,"restaurant, breakfast","https://res.cloudinary.com/dbf3lhk94/image/upload/v1785554789/mby7qno9nenqcwbmpqnt.jpg"
"cmsdlj1dp000604l2cap28x6u","Poha","cmt59fuss0000tgidoc35458x","Fast Food & Restaurant Kitchen","restaurant-food","Bal Udyan Restaurant",80,80,0,"",999,YES,NO,NO,"breakfast, paratha, poori, chole-bhature, nashta, poha, veg, restaurant","https://res.cloudinary.com/dbf3lhk94/image/upload/v1785554789/mby7qno9nenqcwbmpqnt.jpg"
"cmrlvwuzi000304l7h82uwdvt","Poori Bhaji (4 Pcs)","cmt59fuss0000tgidoc35458x","Fast Food & Restaurant Kitchen","restaurant-food","Wedson Restaurant",149,149,0,"",999,NO,NO,NO,"restaurant, breakfast","https://res.cloudinary.com/dbf3lhk94/image/upload/v1785554766/fgewk3bx8bcaklytkeuj.jpg"
"cmsed29f7000104jp0gusilkk","Potato Cheese Ball","cmt59fuss0000tgidoc35458x","Fast Food & Restaurant Kitchen","restaurant-food","Bal Udyan Restaurant",130,130,0,"",999,YES,NO,NO,"starter, restaurant","https://res.cloudinary.com/dbf3lhk94/image/upload/v1785829977/dr6waaor6sp1ohbvoycp.png"
"cmru4s4eg000904jou5euhpg2","Punjabi Paneer Tikka","cmt59fuss0000tgidoc35458x","Fast Food & Restaurant Kitchen","restaurant-food","Wedson Restaurant",259,259,5,"",999,YES,NO,NO,"restaurant, special-starters","https://res.cloudinary.com/dbf3lhk94/image/upload/v1785554628/hb8teqyo79ajmb3h1fg1.png"
"cmse8suxo000a04layqk56o1a","Puri","cmt59fuss0000tgidoc35458x","Fast Food & Restaurant Kitchen","restaurant-food","Bal Udyan Restaurant",10,10,0,"",999,YES,NO,NO,"roti-naan-kulcha, restaurant","https://res.cloudinary.com/dbf3lhk94/image/upload/v1785822805/apq99rltxudewyljhtjz.png"
"cmsdlbvdu000104la2hhqk2i8","Puri bhaji","cmt59fuss0000tgidoc35458x","Fast Food & Restaurant Kitchen","restaurant-food","Bal Udyan Restaurant",80,80,0,"",999,YES,NO,NO,"breakfast, restaurant","https://res.cloudinary.com/dbf3lhk94/image/upload/v1785554766/fgewk3bx8bcaklytkeuj.jpg"
"cmrt5udjm000204jpzo1is7y7","Red Pasta","cmt59fuss0000tgidoc35458x","Fast Food & Restaurant Kitchen","restaurant-food","Wedson Restaurant",199,199,5,"",999,YES,NO,NO,"restaurant, pasta","https://res.cloudinary.com/dbf3lhk94/image/upload/v1785554680/wldjygmrbjp455xco8by.png"
"cmqiggt09000004l86a1apssj","Red Sauce Pasta","cmt59fuss0000tgidoc35458x","Fast Food & Restaurant Kitchen","restaurant-food","A.S. Restaurant",115,115,0,"",99999,YES,NO,NO,"italian-pasta, italian-pasta, italian-pastas, italian pasta's, pasta, veg, restaurant, restaurant","https://res.cloudinary.com/dbf3lhk94/image/upload/v1785554862/d8aeatybqlsyuczq6nqf.png"
"cmqi273r1000004ic6e36qx4z","Sezwan Noodles","cmt59fuss0000tgidoc35458x","Fast Food & Restaurant Kitchen","restaurant-food","A.S. Restaurant",90,90,0,"",99999,YES,NO,NO,"chinese, chinese, chinese-cuisine, chinese cuisine, veg, restaurant, restaurant","https://res.cloudinary.com/dbf3lhk94/image/upload/v1785554835/nlwxdz4ggmy2hmqwreia.png"
"cmqjdjt3i000004jseqdvheia","Sezwan Rice","cmt59fuss0000tgidoc35458x","Fast Food & Restaurant Kitchen","restaurant-food","A.S. Restaurant",95,95,0,"",99999,YES,NO,NO,"rice-dishes, rice-dishes, rice dishes, rice-dish, rice dish, biryani, pulav, veg, restaurant, restaurant","https://res.cloudinary.com/dbf3lhk94/image/upload/v1785554859/ptqlnltaluwtkiamcqu3.png"
"cmqigfcf4000004ldcqc58t9f","Sezwan Sauce Pasta","cmt59fuss0000tgidoc35458x","Fast Food & Restaurant Kitchen","restaurant-food","A.S. Restaurant",95,95,0,"",99999,YES,NO,NO,"italian-pasta, italian-pasta, italian-pastas, italian pasta's, pasta, veg, restaurant, restaurant","https://res.cloudinary.com/dbf3lhk94/image/upload/v1785554841/mjr8qnoujs6jlsnyo2ih.png"
"cmrlmo5cc000104l5g7w5dy8w","Shahi Paneer","cmt59fuss0000tgidoc35458x","Fast Food & Restaurant Kitchen","restaurant-food","Wedson Restaurant",225,225,0,"",998,YES,NO,NO,"restaurant, main-course","https://res.cloudinary.com/dbf3lhk94/image/upload/v1785554682/fnvzib6vuanev7wbpjll.png"
"cmsdmqqz0000304le69scj6e1","Shahi Paneer ","cmt59fuss0000tgidoc35458x","Fast Food & Restaurant Kitchen","restaurant-food","Bal Udyan Restaurant",199,199,0,"",999,YES,NO,NO,"main-course, restaurant","https://res.cloudinary.com/dbf3lhk94/image/upload/v1785554682/fnvzib6vuanev7wbpjll.png"
"cmqi2l00e000004l1i0tlf3uw","Singapuri Noodles","cmt59fuss0000tgidoc35458x","Fast Food & Restaurant Kitchen","restaurant-food","A.S. Restaurant",105,105,0,"",99999,YES,NO,NO,"chinese, chinese, chinese-cuisine, chinese cuisine, veg, restaurant, restaurant","https://res.cloudinary.com/dbf3lhk94/image/upload/v1785554675/lilmijkchry6eulo9fdk.png"
"cmqjdsq0u000104js445kl6jw","Singapuri Rice","cmt59fuss0000tgidoc35458x","Fast Food & Restaurant Kitchen","restaurant-food","A.S. Restaurant",115,115,0,"",99999,YES,NO,NO,"rice-dishes, rice-dishes, rice dishes, rice-dish, rice dish, biryani, pulav, veg, restaurant, restaurant","https://res.cloudinary.com/dbf3lhk94/image/upload/v1785554856/cfouxt2skmuijj6ea3aw.png"
"cmsdn3ch0000004jianhyshvo","Soya chaap masala ","cmt59fuss0000tgidoc35458x","Fast Food & Restaurant Kitchen","restaurant-food","Bal Udyan Restaurant",210,210,0,"",998,YES,NO,NO,"main-course, restaurant","https://res.cloudinary.com/dbf3lhk94/image/upload/v1785554583/keolwehzscdsxgz86mev.png"
"cmrlms62y000b04l5savd1f78","Soya Chaap Masala ","cmt59fuss0000tgidoc35458x","Fast Food & Restaurant Kitchen","restaurant-food","Wedson Restaurant",289,289,0,"",999,YES,NO,NO,"restaurant, main-course","https://res.cloudinary.com/dbf3lhk94/image/upload/v1785554583/keolwehzscdsxgz86mev.png"
"cmru4v0uw000004jm2d2t9t6h","Soya malai chaap","cmt59fuss0000tgidoc35458x","Fast Food & Restaurant Kitchen","restaurant-food","Wedson Restaurant",219,219,5,"",999,YES,NO,NO,"special-starters, restaurant","https://res.cloudinary.com/dbf3lhk94/image/upload/v1785554666/otfef7p0pdh0iu0vp34q.png"
"cmsee4zo5001d04kvsuxuhr3d","Soya Malai Chaap","cmt59fuss0000tgidoc35458x","Fast Food & Restaurant Kitchen","restaurant-food","Bal Udyan Restaurant",199,199,0,"",999,YES,NO,NO,"starter, restaurant","https://res.cloudinary.com/dbf3lhk94/image/upload/v1785554666/otfef7p0pdh0iu0vp34q.png"
"cmru4wy6w000004i8ld5xg142","Soya Masala Chaap","cmt59fuss0000tgidoc35458x","Fast Food & Restaurant Kitchen","restaurant-food","Wedson Restaurant",239,239,4,"",999,YES,NO,NO,"special-starters, restaurant","https://res.cloudinary.com/dbf3lhk94/image/upload/v1785554681/qdwblfbgmu4ct73llurc.png"
"cmsec7gub000704jvoad020fn","Spanich Corn Roll","cmt59fuss0000tgidoc35458x","Fast Food & Restaurant Kitchen","restaurant-food","Bal Udyan Restaurant",140,140,0,"",999,YES,NO,NO,"starter, restaurant","https://res.cloudinary.com/dbf3lhk94/image/upload/v1785828541/ywrg5d9v1drk4cpglntf.png"
"cmqhw38rc000004l4wbswlwzc","Special Sandwich","cmt59fuss0000tgidoc35458x","Fast Food & Restaurant Kitchen","restaurant-food","A.S. Restaurant",100,100,0,"",99999,YES,NO,NO,"sandwiches, sandwiches, sandwich, veg, restaurant, restaurant","https://res.cloudinary.com/dbf3lhk94/image/upload/v1785554831/idnhsku0obxr5uzheqap.png"
"cmqhtzt1t000004jorbi3qwp4","Spicy Veggie Pizza","cmt59fuss0000tgidoc35458x","Fast Food & Restaurant Kitchen","restaurant-food","A.S. Restaurant",149,159,6,"",99999,YES,NO,NO,"pizza, restaurant","https://res.cloudinary.com/dbf3lhk94/image/upload/v1785554662/uixjeztxoj7tmsdwleh8.png"
"cmqi41wcm000004jpiod6g5ko","Spring Roll","cmt59fuss0000tgidoc35458x","Fast Food & Restaurant Kitchen","restaurant-food","A.S. Restaurant",50,50,0,"",99999,YES,NO,NO,"hot-bite, hot-bite, snacks, momos, veg, restaurant, restaurant","https://res.cloudinary.com/dbf3lhk94/image/upload/v1785554851/kybj8szvoa3nyyzpz4aw.png"
"cmrmf1y7l000004jooq294z9e","Steamed Rice","cmt59fuss0000tgidoc35458x","Fast Food & Restaurant Kitchen","restaurant-food","Wedson Restaurant",119,119,0,"",999,YES,NO,NO,"restaurant, basmati-rice-/-biryani","https://res.cloudinary.com/dbf3lhk94/image/upload/v1785554793/g3jyxf8xel5r7qu9ukqs.png"
"cmrsrj1tm000104ktm7atwbgm","Strawberry Shake","cmt59fuss0000tgidoc35458x","Fast Food & Restaurant Kitchen","restaurant-food","Wedson Restaurant",113,119,5,"",999,YES,NO,NO,"shake, desserts, ice-cream","https://res.cloudinary.com/dbf3lhk94/image/upload/v1785554873/whtpwgenodzqeo546wcd.png"
"cmqhzo083000204ic1ujhimgj","Strawberry Shake","cmt59fuss0000tgidoc35458x","Fast Food & Restaurant Kitchen","restaurant-food","A.S. Restaurant",85,85,0,"300 ml",999,YES,NO,NO,"shakes, shakes, shake, milkshake, milkshakes, veg, restaurant, restaurant","https://res.cloudinary.com/dbf3lhk94/image/upload/v1785554837/snuewcsqwhflitd1rbw0.png"
"cmrm1ariv000204l76ngsam10","Stuffed Aloo Kulcha ","cmt59fuss0000tgidoc35458x","Fast Food & Restaurant Kitchen","restaurant-food","Wedson Restaurant",59,59,0,"1 Kulcha",999,YES,NO,NO,"restaurant, roti-naan-kulcha","https://res.cloudinary.com/dbf3lhk94/image/upload/v1785554897/vr8afgoq0nijdophkqos.jpg"
"cmse8y26z000c04jwqcr7pq6m","Stuffed Kulcha ","cmt59fuss0000tgidoc35458x","Fast Food & Restaurant Kitchen","restaurant-food","Bal Udyan Restaurant",50,50,0,"",999,YES,NO,NO,"roti-naan-kulcha, restaurant","https://res.cloudinary.com/dbf3lhk94/image/upload/v1785554898/xojawfvlabvut82rubfs.jpg"
"cmse8x5af000b04jwxbqv1mwl","Stuffed Naan","cmt59fuss0000tgidoc35458x","Fast Food & Restaurant Kitchen","restaurant-food","Bal Udyan Restaurant",50,50,0,"",999,YES,NO,NO,"roti-naan-kulcha, restaurant","https://res.cloudinary.com/dbf3lhk94/image/upload/v1785823019/kd8nbsg7iqyugucrqc1t.png"
"cmrm1bipx000504l7jzzj8ssh","Stuffed Paneer Kulcha","cmt59fuss0000tgidoc35458x","Fast Food & Restaurant Kitchen","restaurant-food","Wedson Restaurant",79,79,0,"1 Kulcha",999,YES,NO,NO,"restaurant, roti-naan-kulcha","https://res.cloudinary.com/dbf3lhk94/image/upload/v1785554898/xojawfvlabvut82rubfs.jpg"
"cmsecc5iv000304kvwmwi9neg","Sweet Corn Masala ","cmt59fuss0000tgidoc35458x","Fast Food & Restaurant Kitchen","restaurant-food","Bal Udyan Restaurant",99,99,0,"",999,YES,NO,NO,"starter, restaurant","https://res.cloudinary.com/dbf3lhk94/image/upload/v1785828759/yg0xkbtcxxgwm3yygb8c.png"
"cmqhtmaqg000004ld19thbri9","Sweet Corn Pizza","cmt59fuss0000tgidoc35458x","Fast Food & Restaurant Kitchen","restaurant-food","A.S. Restaurant",129,139,7,"",99999,YES,NO,NO,"pizza, restaurant","https://res.cloudinary.com/dbf3lhk94/image/upload/v1785554595/nfr7lmv6t2paljsiaila.png"
"cmse62i04000604lgwozys7m8","Tandoori Butter Roti ","cmt59fuss0000tgidoc35458x","Fast Food & Restaurant Kitchen","restaurant-food","Bal Udyan Restaurant",15,15,0,"",999,YES,NO,NO,"roti-naan-kulcha, restaurant","https://res.cloudinary.com/dbf3lhk94/image/upload/v1785554883/opayhtg155le9h1fztbv.png"
"cmqhtugvz000004jmp6yuo0xi","Tandoori Paneer Pizza","cmt59fuss0000tgidoc35458x","Fast Food & Restaurant Kitchen","restaurant-food","A.S. Restaurant",149,159,6,"",99999,YES,NO,NO,"pizza, restaurant","https://res.cloudinary.com/dbf3lhk94/image/upload/v1785554811/txtijohhhct6khasadqm.png"
"cmse61b1w000204lgplv5l8yx","Tandoori Plain Roti","cmt59fuss0000tgidoc35458x","Fast Food & Restaurant Kitchen","restaurant-food","Bal Udyan Restaurant",10,10,0,"",999,YES,NO,NO,"roti-naan-kulcha, restaurant","https://res.cloudinary.com/dbf3lhk94/image/upload/v1785554805/cz5sfj0gvuizwwqttwkk.png"
"cmru58umu000504jxuxfb0gji","Tandoori Plater ","cmt59fuss0000tgidoc35458x","Fast Food & Restaurant Kitchen","restaurant-food","Wedson Restaurant",299,299,5,"",999,YES,NO,NO,"special-starters, restaurant","https://res.cloudinary.com/dbf3lhk94/image/upload/v1785554875/zcrzewspkijevvusz220.png"
"cmrm13y8x000004kzj8994frg","Tandoori Roti Butter","cmt59fuss0000tgidoc35458x","Fast Food & Restaurant Kitchen","restaurant-food","Wedson Restaurant",20,20,0,"1 Roti",999,YES,NO,NO,"restaurant, roti-naan-kulcha","https://res.cloudinary.com/dbf3lhk94/image/upload/v1785554883/opayhtg155le9h1fztbv.png"
"cmrm12nnp000i04jzdpefptef","Tandoori Roti Plain","cmt59fuss0000tgidoc35458x","Fast Food & Restaurant Kitchen","restaurant-food","Wedson Restaurant",15,15,0,"1 Roti",997,YES,NO,NO,"restaurant, roti-naan-kulcha","https://res.cloudinary.com/dbf3lhk94/image/upload/v1785554805/cz5sfj0gvuizwwqttwkk.png"
"cmqht3pis000004jmml4tir0s","Tomato Pizza","cmt59fuss0000tgidoc35458x","Fast Food & Restaurant Kitchen","restaurant-food","A.S. Restaurant",109,119,8,"",99999,YES,NO,NO,"pizza, restaurant","https://res.cloudinary.com/dbf3lhk94/image/upload/v1785554779/qkpqm3aplynnp3ofapsp.png"
"cmrlmya70000804joqnuorx4w","Turban Paneer Masala ","cmt59fuss0000tgidoc35458x","Fast Food & Restaurant Kitchen","restaurant-food","Wedson Restaurant",319,319,0,"",999,YES,NO,NO,"restaurant, main-course","https://res.cloudinary.com/dbf3lhk94/image/upload/v1785554773/jv1ymbjava614nevikqg.png"
"cmrss5aar000404jx8x5l8p0y","Vanilla Shake","cmt59fuss0000tgidoc35458x","Fast Food & Restaurant Kitchen","restaurant-food","Wedson Restaurant",119,119,5,"",999,YES,NO,NO,"desserts, shake, shakes, restaurant","https://res.cloudinary.com/dbf3lhk94/image/upload/v1785554647/fmrybupjmanjtg7yicy7.png"
"cmqhzlgby000004icf92dj6ua","Vanilla Shake","cmt59fuss0000tgidoc35458x","Fast Food & Restaurant Kitchen","restaurant-food","A.S. Restaurant",85,85,0,"300 ml",999,YES,NO,NO,"shakes, shakes, shake, milkshake, milkshakes, veg, restaurant, restaurant","https://res.cloudinary.com/dbf3lhk94/image/upload/v1785554836/przpshwxvstqhjfnqy86.png"
"cmrmfkc3w000005jsz6sq8xuw","Veg biryani","cmt59fuss0000tgidoc35458x","Fast Food & Restaurant Kitchen","restaurant-food","Wedson Restaurant",229,229,0,"",999,YES,NO,NO,"restaurant, basmati-rice-/-biryani","https://res.cloudinary.com/dbf3lhk94/image/upload/v1785554878/ce36shwkq4biav92pdkt.png"
"cmqhv1hej000004ibh5q6wzgg","Veg Burger","cmt59fuss0000tgidoc35458x","Fast Food & Restaurant Kitchen","restaurant-food","A.S. Restaurant",40,40,0,"",99999,YES,NO,NO,"burgers, burgers, burger, veg-burger, cheese-burger, paneer-burger, veg, restaurant, restaurant","https://res.cloudinary.com/dbf3lhk94/image/upload/v1785554813/trdzyqan5gvpgtuf5zji.png"
"cmrt3qx89000104jp3ukhahpj","Veg Burger ","cmt59fuss0000tgidoc35458x","Fast Food & Restaurant Kitchen","restaurant-food","Wedson Restaurant",69,69,6,"",998,YES,NO,NO,"restaurant, burger","https://res.cloudinary.com/dbf3lhk94/image/upload/v1785554612/xyffgc0sbbf5skczv0zg.png"
"cmrsuw5kk000104l14nl01rim","Veg Cream of Mushroom ","cmt59fuss0000tgidoc35458x","Fast Food & Restaurant Kitchen","restaurant-food","Wedson Restaurant",119,119,5,"",999,YES,NO,NO,"restaurant, soup","https://res.cloudinary.com/dbf3lhk94/image/upload/v1785554707/tnjodgf3ydpw9bsrraku.png"
"cmqj7g0ms000004jvs6xbmk8f","Veg Frankie Roll","cmt59fuss0000tgidoc35458x","Fast Food & Restaurant Kitchen","restaurant-food","A.S. Restaurant",70,70,0,"",99999,YES,NO,NO,"frankie-rolls, frankie-rolls, frankie rolls, frankie-roll, frankie roll, rolls, roll, kathi roll, kathi-roll, veg, restaurant, restaurant","https://res.cloudinary.com/dbf3lhk94/image/upload/v1785554620/iv8kiyif3e7iq9eiydfw.png"
"cmqi3vz1u000004l4spawcpbv","Veg Fried Momos","cmt59fuss0000tgidoc35458x","Fast Food & Restaurant Kitchen","restaurant-food","A.S. Restaurant",50,50,0,"8 pcs",999,YES,NO,NO,"hot-bite, hot-bite, snacks, momos, veg, restaurant, restaurant","https://res.cloudinary.com/dbf3lhk94/image/upload/v1785554752/i6pu3teppozi0h8th5kw.png"
"cmqjd9nvb000004jsfg3ewbza","Veg Fried Rice","cmt59fuss0000tgidoc35458x","Fast Food & Restaurant Kitchen","restaurant-food","A.S. Restaurant",80,80,0,"",99999,YES,NO,NO,"rice-dishes, rice-dishes, rice dishes, rice-dish, rice dish, biryani, pulav, veg, restaurant, restaurant","https://res.cloudinary.com/dbf3lhk94/image/upload/v1785554869/gzyecodvxed6kaqrt7dl.jpg"
"cmrt0taao000404jrmvvshf05","Veg Grilled Sandwich ","cmt59fuss0000tgidoc35458x","Fast Food & Restaurant Kitchen","restaurant-food","Wedson Restaurant",149,149,7,"",999,YES,NO,NO,"restaurant, pizza","https://res.cloudinary.com/dbf3lhk94/image/upload/v1785554585/vosi1a4orzp7wsfzynuk.png"
"cmrsuqd84000104l7g989ogmi","Veg Hot & Sour Soup","cmt59fuss0000tgidoc35458x","Fast Food & Restaurant Kitchen","restaurant-food","Wedson Restaurant",119,119,5,"",999,YES,NO,NO,"soup, restaurant","https://res.cloudinary.com/dbf3lhk94/image/upload/v1785554678/snhdxfzfv35vl5bwegpg.png"
"cmrsv3kmv000004l141nb4g7o","Veg Manchow Soup","cmt59fuss0000tgidoc35458x","Fast Food & Restaurant Kitchen","restaurant-food","Wedson Restaurant",119,119,5,"",999,YES,NO,NO,"soup, restaurant","https://res.cloudinary.com/dbf3lhk94/image/upload/v1785554710/ghcqplcns8eop62vac7b.png"
"cmsedikrk000504l4sc97uyq2","Veg Manchurian ","cmt59fuss0000tgidoc35458x","Fast Food & Restaurant Kitchen","restaurant-food","Bal Udyan Restaurant",165,165,0,"",999,YES,NO,NO,"starter, restaurant","https://res.cloudinary.com/dbf3lhk94/image/upload/v1785554685/sl0dklgfttdsyvek2oh7.png"
"cmqhvmm7b000004jxhu7strzq","Veg Masala Sandwitch","cmt59fuss0000tgidoc35458x","Fast Food & Restaurant Kitchen","restaurant-food","A.S. Restaurant",70,70,0,"",99999,YES,NO,NO,"sandwiches, sandwiches, sandwich, veg, restaurant, restaurant","https://res.cloudinary.com/dbf3lhk94/image/upload/v1785554830/df25q8hbnvowkmgoro9b.png"
"cmrmfb6fc000004l0vpzzbqjj","Veg Navratan Pulav","cmt59fuss0000tgidoc35458x","Fast Food & Restaurant Kitchen","restaurant-food","Wedson Restaurant",199,199,0,"",999,YES,NO,NO,"restaurant, basmati-rice-/-biryani","https://res.cloudinary.com/dbf3lhk94/image/upload/v1785554877/gcfner674ssxbblvqj1q.png"
"cmqi1tksh000004icq037c12i","Veg Noodles","cmt59fuss0000tgidoc35458x","Fast Food & Restaurant Kitchen","restaurant-food","A.S. Restaurant",60,60,0,"",99999,YES,NO,NO,"chinese, chinese, chinese-cuisine, chinese cuisine, veg, restaurant, restaurant","https://res.cloudinary.com/dbf3lhk94/image/upload/v1785554780/qei00r1bkhqovyviaiqw.png"
"cmrmf7qus000004i9uwd6ldhc","Veg Pulav","cmt59fuss0000tgidoc35458x","Fast Food & Restaurant Kitchen","restaurant-food","Wedson Restaurant",159,159,0,"",999,YES,NO,NO,"restaurant, basmati-rice-/-biryani","https://res.cloudinary.com/dbf3lhk94/image/upload/v1785554755/pnxfg0bxdzgxqlxs8ppq.png"
"cmrt0s447000204jr74hce80k","Veg Sandwich ","cmt59fuss0000tgidoc35458x","Fast Food & Restaurant Kitchen","restaurant-food","Wedson Restaurant",139,139,5,"",999,YES,NO,NO,"pizza, restaurant","https://res.cloudinary.com/dbf3lhk94/image/upload/v1785554894/vreiay5tzimbjrziy3an.jpg"
"cmru565v2000304jxsbnmjmit","Veg Seekh Kebab ","cmt59fuss0000tgidoc35458x","Fast Food & Restaurant Kitchen","restaurant-food","Wedson Restaurant",199,199,5,"",999,YES,NO,NO,"special-starters, restaurant","https://res.cloudinary.com/dbf3lhk94/image/upload/v1785554715/v98xfzmcazafdpd31v2y.png"
"cmqhuctgp000004joxvh4wa9e","Veg Special Pizza","cmt59fuss0000tgidoc35458x","Fast Food & Restaurant Kitchen","restaurant-food","A.S. Restaurant",169,179,6,"",99999,YES,NO,NO,"pizza, restaurant","https://res.cloudinary.com/dbf3lhk94/image/upload/v1785554816/mndbrejbofz6ntaou7fk.png"
"cmrsukjvt000204l1dmv65rid","Veg Sweet Corn Soup","cmt59fuss0000tgidoc35458x","Fast Food & Restaurant Kitchen","restaurant-food","Wedson Restaurant",119,119,5,"",999,YES,NO,NO,"restaurant, soup","https://res.cloudinary.com/dbf3lhk94/image/upload/v1785554657/aw9x0c3xtatupuwyles3.png"
"cmrswn8a0000004l45lulcjqj","Vegetable Spring Roll","cmt59fuss0000tgidoc35458x","Fast Food & Restaurant Kitchen","restaurant-food","Wedson Restaurant",129,129,5,"",999,YES,NO,NO,"restaurant, starter","https://res.cloudinary.com/dbf3lhk94/image/upload/v1785554874/ojc0p0zzewxsuwkiabew.png"
"cmsec1i6w000104jva5v94zlt","Vegetable Spring Rolls","cmt59fuss0000tgidoc35458x","Fast Food & Restaurant Kitchen","restaurant-food","Bal Udyan Restaurant",110,110,0,"",999,YES,NO,NO,"starter, restaurant","https://res.cloudinary.com/dbf3lhk94/image/upload/v1785554874/ojc0p0zzewxsuwkiabew.png"
"cmqhuj9qq000004jod1cke6xa","Veggie Delite Pizza","cmt59fuss0000tgidoc35458x","Fast Food & Restaurant Kitchen","restaurant-food","A.S. Restaurant",189,199,5,"",99999,YES,NO,NO,"pizza, restaurant","https://res.cloudinary.com/dbf3lhk94/image/upload/v1785554784/de7g3piznvcctcaphua5.png"
"cmqhuaceu000004ju23hbam9a","Veggie Overloaded Pizza","cmt59fuss0000tgidoc35458x","Fast Food & Restaurant Kitchen","restaurant-food","A.S. Restaurant",165,169,2,"",99999,YES,NO,NO,"pizza, restaurant","https://res.cloudinary.com/dbf3lhk94/image/upload/v1785554687/cikwgiyvp0jtn6a4iiqu.png"
"cmqhufwcw000104joyujs402c","Veggie Paneer Pizza","cmt59fuss0000tgidoc35458x","Fast Food & Restaurant Kitchen","restaurant-food","A.S. Restaurant",189,199,5,"",99999,YES,NO,NO,"pizza, restaurant","https://res.cloudinary.com/dbf3lhk94/image/upload/v1785554804/z2aaxn0upgr1fa3ieai4.png"
"cmqhypc4i000104juf55gz7m2","Virgin Mojito","cmt59fuss0000tgidoc35458x","Fast Food & Restaurant Kitchen","restaurant-food","A.S. Restaurant",80,80,0,"300 ml",999,YES,NO,NO,"mocktails, mocktails, mocktail, coolers, cooler, mojito, veg, restaurant, restaurant","https://res.cloudinary.com/dbf3lhk94/image/upload/v1785554821/uldcfvyecarqhakoeyy0.png"
"cmqhz2aa5000404jufuw5zn2t","Watermelon Mojito","cmt59fuss0000tgidoc35458x","Fast Food & Restaurant Kitchen","restaurant-food","A.S. Restaurant",80,80,0,"300 ml",999,YES,NO,NO,"mocktails, mocktails, mocktail, coolers, cooler, mojito, veg, restaurant, restaurant","https://res.cloudinary.com/dbf3lhk94/image/upload/v1785554818/vqudntrtwjw35ggiemn8.png"
"cmrt5wctn000504jp1ofd17bd","White Pasta","cmt59fuss0000tgidoc35458x","Fast Food & Restaurant Kitchen","restaurant-food","Wedson Restaurant",229,229,4,"",999,YES,NO,NO,"pasta, restaurant","https://res.cloudinary.com/dbf3lhk94/image/upload/v1785554863/qieumirpxlnl2q5y84cy.png"
"cmqighzcw000104l85q9krcrq","White Sauce Pasta","cmt59fuss0000tgidoc35458x","Fast Food & Restaurant Kitchen","restaurant-food","A.S. Restaurant",125,125,0,"",99999,YES,NO,NO,"italian-pasta, italian-pasta, italian-pastas, italian pasta's, pasta, veg, restaurant, restaurant","https://res.cloudinary.com/dbf3lhk94/image/upload/v1785554850/dxqnsubrysxke5ynmlxe.png"