"S.No","Product ID","Product / Dish Name","Outlet / Type","Category Name","Category Slug","Price (₹)","MRP (₹)","Discount (%)","Unit","Stock","Storefront Status","Menu Tags","Restaurant ID","Category ID"
"1","cmqhvntew000104jx1l1oa4q6","Aaloo Masala Sandwitch","A.S. Restaurant (as-restaurant)","Fast Food & Restaurant Kitchen","restaurant-food","70","70","0","","99999","ACTIVE (VISIBLE)","sandwiches, sandwich, veg, restaurant, as-restaurant, as, pure-veg","cms2p1lap0000n0id8alldboy","cmt59fuss0000tgidoc35458x"
"2","cmqhz0yci000304jufb2qkdmn","Blue Lagoon Mojito","A.S. Restaurant (as-restaurant)","Fast Food & Restaurant Kitchen","restaurant-food","80","80","0","300 ml","999","ACTIVE (VISIBLE)","mocktails, mocktail, coolers, cooler, mojito, veg, restaurant, as-restaurant, as, pure-veg","cms2p1lap0000n0id8alldboy","cmt59fuss0000tgidoc35458x"
"3","cmqifvqlc000004jshcp8b9s2","Butter Masala Dosa","A.S. Restaurant (as-restaurant)","Fast Food & Restaurant Kitchen","restaurant-food","75","75","0","","99999","ACTIVE (VISIBLE)","south-indian, south indian, dosa, veg, restaurant, as-restaurant, as, pure-veg","cms2p1lap0000n0id8alldboy","cmt59fuss0000tgidoc35458x"
"4","cmqifxp7m000104js435y9tki","Butter Masala Paneer Dosa","A.S. Restaurant (as-restaurant)","Fast Food & Restaurant Kitchen","restaurant-food","90","90","0","","99999","ACTIVE (VISIBLE)","south-indian, south indian, dosa, veg, restaurant, as-restaurant, as, pure-veg","cms2p1lap0000n0id8alldboy","cmt59fuss0000tgidoc35458x"
"5","cmqifzr6s000204jsul1rpd2c","Butter Paneer Dosa","A.S. Restaurant (as-restaurant)","Fast Food & Restaurant Kitchen","restaurant-food","110","110","0","","99999","ACTIVE (VISIBLE)","south-indian, south indian, dosa, veg, restaurant, as-restaurant, as, pure-veg","cms2p1lap0000n0id8alldboy","cmt59fuss0000tgidoc35458x"
"6","cmqrr3h59000004jybdt8dzx0","Butter Paneer Pav bhaji","A.S. Restaurant (as-restaurant)","Fast Food & Restaurant Kitchen","restaurant-food","90","90","0","1 Plate","999","ACTIVE (VISIBLE)","bombay-bites, bombay bites, bombay-bite, bombay bite, veg, restaurant, as-restaurant, as, pure-veg","cms2p1lap0000n0id8alldboy","cmt59fuss0000tgidoc35458x"
"7","cmqifu59o000j04l461989y9s","Butter Paper Dosa","A.S. Restaurant (as-restaurant)","Fast Food & Restaurant Kitchen","restaurant-food","50","50","0","","99999","ACTIVE (VISIBLE)","south-indian, south indian, dosa, veg, restaurant, as-restaurant, as, pure-veg","cms2p1lap0000n0id8alldboy","cmt59fuss0000tgidoc35458x"
"8","cmqrr1vvz000004ldl3husnlc","Butter Pavbhaji","A.S. Restaurant (as-restaurant)","Fast Food & Restaurant Kitchen","restaurant-food","75","75","0","1 Plate","999","ACTIVE (VISIBLE)","bombay-bites, bombay bites, bombay-bite, bombay bite, veg, restaurant, as-restaurant, as, pure-veg","cms2p1lap0000n0id8alldboy","cmt59fuss0000tgidoc35458x"
"9","cmqhzmodz000104icef59dlgf","Butterscotch Shake","A.S. Restaurant (as-restaurant)","Fast Food & Restaurant Kitchen","restaurant-food","85","85","0","300 ml","999","ACTIVE (VISIBLE)","shakes, shake, milkshake, milkshakes, veg, restaurant, as-restaurant, as, pure-veg","cms2p1lap0000n0id8alldboy","cmt59fuss0000tgidoc35458x"
"10","cmqht67tu000104jmsqnu8acz","Capsicum Pizza","A.S. Restaurant (as-restaurant)","Fast Food & Restaurant Kitchen","restaurant-food","109","119","8","","99999","ACTIVE (VISIBLE)","pizza, restaurant, as-restaurant, as, veg, pure-veg","cms2p1lap0000n0id8alldboy","cmt59fuss0000tgidoc35458x"
"11","cmqigj0ck000204l88l6148ni","Cheeze Baking Pasta","A.S. Restaurant (as-restaurant)","Fast Food & Restaurant Kitchen","restaurant-food","135","135","0","","99999","ACTIVE (VISIBLE)","italian-pasta, italian-pastas, italian pasta's, pasta, veg, restaurant, as-restaurant, as, pure-veg","cms2p1lap0000n0id8alldboy","cmt59fuss0000tgidoc35458x"
"12","cmqhv443d000204ib5occu1ux","Cheeze Burger","A.S. Restaurant (as-restaurant)","Fast Food & Restaurant Kitchen","restaurant-food","65","65","0","","99999","ACTIVE (VISIBLE)","burgers, burger, veg-burger, cheese-burger, paneer-burger, veg, restaurant, as-restaurant, as, pure-veg","cms2p1lap0000n0id8alldboy","cmt59fuss0000tgidoc35458x"
"13","cmqj7ilwq000004l520l9p1a0","Cheeze Frankie Roll","A.S. Restaurant (as-restaurant)","Fast Food & Restaurant Kitchen","restaurant-food","85","85","0","","99999","ACTIVE (VISIBLE)","frankie-rolls, frankie rolls, frankie-roll, frankie roll, rolls, roll, kathi roll, kathi-roll, veg, restaurant, as-restaurant, as, pure-veg","cms2p1lap0000n0id8alldboy","cmt59fuss0000tgidoc35458x"
"14","cmqhxu43w000004l8suhk40k1","Cheeze Garlic Bread","A.S. Restaurant (as-restaurant)","Fast Food & Restaurant Kitchen","restaurant-food","95","95","0","4 pcs","99999","ACTIVE (VISIBLE)","garlic-bread, garlic bread, garlic-breads, veg, restaurant, as-restaurant, as, pure-veg","cms2p1lap0000n0id8alldboy","cmt59fuss0000tgidoc35458x"
"15","cmqhvqqji000304jx0gvc4fu1","Cheeze Sandwitch","A.S. Restaurant (as-restaurant)","Fast Food & Restaurant Kitchen","restaurant-food","85","85","0","","99999","ACTIVE (VISIBLE)","sandwiches, sandwich, veg, restaurant, as-restaurant, as, pure-veg","cms2p1lap0000n0id8alldboy","cmt59fuss0000tgidoc35458x"
"16","cmqhthroi000004jm7qs4w6yg","Cheezy Paneer Pizza","A.S. Restaurant (as-restaurant)","Fast Food & Restaurant Kitchen","restaurant-food","129","139","7","","99999","ACTIVE (VISIBLE)","pizza, restaurant, as-restaurant, as, veg, pure-veg","cms2p1lap0000n0id8alldboy","cmt59fuss0000tgidoc35458x"
"17","cmqi29esq000104jul11c2g04","Chili Garlic Noodles","A.S. Restaurant (as-restaurant)","Fast Food & Restaurant Kitchen","restaurant-food","95","95","0","","99999","ACTIVE (VISIBLE)","chinese, chinese-cuisine, chinese cuisine, veg, restaurant, as-restaurant, as, pure-veg","cms2p1lap0000n0id8alldboy","cmt59fuss0000tgidoc35458x"
"18","cmqjdrdpt000004jsmk69y8tb","Chili Garlic Rice","A.S. Restaurant (as-restaurant)","Fast Food & Restaurant Kitchen","restaurant-food","95","95","0","","99999","ACTIVE (VISIBLE)","rice-dishes, rice dishes, rice-dish, rice dish, biryani, pulav, veg, restaurant, as-restaurant, as, pure-veg","cms2p1lap0000n0id8alldboy","cmt59fuss0000tgidoc35458x"
"19","cmqi33m21000004jj1jm44pjh","Chili Paneer","A.S. Restaurant (as-restaurant)","Fast Food & Restaurant Kitchen","restaurant-food","135","179","25","","99999","ACTIVE (VISIBLE)","chinese, chinese-cuisine, chinese cuisine, veg, restaurant, as-restaurant, as, pure-veg","cms2p1lap0000n0id8alldboy","cmt59fuss0000tgidoc35458x"
"20","cmqi2saaw000004l79ak7g2sr","Chili Potato","A.S. Restaurant (as-restaurant)","Fast Food & Restaurant Kitchen","restaurant-food","85","99","14","","99999","ACTIVE (VISIBLE)","chinese, chinese-cuisine, chinese cuisine, veg, restaurant, as-restaurant, as, pure-veg","cms2p1lap0000n0id8alldboy","cmt59fuss0000tgidoc35458x"
"21","cmqhzjf0x000004l13sdhh9ws","Choco Delight","A.S. Restaurant (as-restaurant)","Fast Food & Restaurant Kitchen","restaurant-food","85","85","0","300 ml","999","ACTIVE (VISIBLE)","cold-coffee, cold coffee, iced coffee, iced-coffee, coldcoffee, shake, shakes, veg, restaurant, as-restaurant, as, pure-veg","cms2p1lap0000n0id8alldboy","cmt59fuss0000tgidoc35458x"
"22","cmqhztm5k000004jud47mx8o0","Chocolate Shake","A.S. Restaurant (as-restaurant)","Fast Food & Restaurant Kitchen","restaurant-food","90","90","0","300 ml","999","ACTIVE (VISIBLE)","shakes, shake, milkshake, milkshakes, veg, restaurant, as-restaurant, as, pure-veg","cms2p1lap0000n0id8alldboy","cmt59fuss0000tgidoc35458x"
"23","cmqhykgmz000004jucm99q59h","Classic Cold Coffee","A.S. Restaurant (as-restaurant)","Fast Food & Restaurant Kitchen","restaurant-food","60","60","0","300ml","999","ACTIVE (VISIBLE)","cold-coffee, cold coffee, iced coffee, iced-coffee, coldcoffee, shake, shakes, veg, restaurant, as-restaurant, as, pure-veg","cms2p1lap0000n0id8alldboy","cmt59fuss0000tgidoc35458x"
"24","cmqhv7a50000104jxa8x5anbw","Corn Cheeze Burger","A.S. Restaurant (as-restaurant)","Fast Food & Restaurant Kitchen","restaurant-food","80","80","0","","99999","ACTIVE (VISIBLE)","burgers, burger, veg-burger, cheese-burger, paneer-burger, veg, restaurant, as-restaurant, as, pure-veg","cms2p1lap0000n0id8alldboy","cmt59fuss0000tgidoc35458x"
"25","cmqhxvnfr000004jxq2npqa3s","Corn Cheeze Garlic Bread","A.S. Restaurant (as-restaurant)","Fast Food & Restaurant Kitchen","restaurant-food","105","105","0","4 Pcs","99999","ACTIVE (VISIBLE)","garlic-bread, garlic bread, garlic-breads, veg, restaurant, as-restaurant, as, pure-veg","cms2p1lap0000n0id8alldboy","cmt59fuss0000tgidoc35458x"
"26","cmqhvw0f8000104i8i4549ujo","Corn Cheeze Sandwitch","A.S. Restaurant (as-restaurant)","Fast Food & Restaurant Kitchen","restaurant-food","90","90","0","","99999","ACTIVE (VISIBLE)","sandwiches, sandwich, veg, restaurant, as-restaurant, as, pure-veg","cms2p1lap0000n0id8alldboy","cmt59fuss0000tgidoc35458x"
"27","cmqhtemk7000004i6oc8bc5ee","Desi Style Pizza","A.S. Restaurant (as-restaurant)","Fast Food & Restaurant Kitchen","restaurant-food","129","139","7","","99999","ACTIVE (VISIBLE)","pizza, restaurant, as-restaurant, as, veg, pure-veg","cms2p1lap0000n0id8alldboy","cmt59fuss0000tgidoc35458x"
"28","cmqrr4sb4000104jy5bossral","Extra Pav","A.S. Restaurant (as-restaurant)","Fast Food & Restaurant Kitchen","restaurant-food","25","39","36","1 Pav ( 3Pcs)","999","ACTIVE (VISIBLE)","bombay-bites, bombay bites, bombay-bite, bombay bite, veg, restaurant, as-restaurant, as, pure-veg","cms2p1lap0000n0id8alldboy","cmt59fuss0000tgidoc35458x"
"29","cmqi40nph000204l4doqm7pvl","French Fries/ Finger","A.S. Restaurant (as-restaurant)","Fast Food & Restaurant Kitchen","restaurant-food","50","50","0","","99999","ACTIVE (VISIBLE)","hot-bite, snacks, momos, veg, restaurant, as-restaurant, as, pure-veg","cms2p1lap0000n0id8alldboy","cmt59fuss0000tgidoc35458x"
"30","cmqhz56ri000004juemwv5bqn","Green Apple Mojito","A.S. Restaurant (as-restaurant)","Fast Food & Restaurant Kitchen","restaurant-food","80","80","0","300 ml","999","ACTIVE (VISIBLE)","mocktails, mocktail, coolers, cooler, mojito, veg, restaurant, as-restaurant, as, pure-veg","cms2p1lap0000n0id8alldboy","cmt59fuss0000tgidoc35458x"
"31","cmqhyzera000204juu848lxrz","Green Mint Mojito","A.S. Restaurant (as-restaurant)","Fast Food & Restaurant Kitchen","restaurant-food","80","80","0","300 ml","999","ACTIVE (VISIBLE)","mocktails, mocktail, coolers, cooler, mojito, veg, restaurant, as-restaurant, as, pure-veg","cms2p1lap0000n0id8alldboy","cmt59fuss0000tgidoc35458x"
"32","cmqi1vyf3000004l8lf96p8qt","Hakka Noodles","A.S. Restaurant (as-restaurant)","Fast Food & Restaurant Kitchen","restaurant-food","85","85","0","","99999","ACTIVE (VISIBLE)","chinese, chinese-cuisine, chinese cuisine, veg, restaurant, as-restaurant, as, pure-veg","cms2p1lap0000n0id8alldboy","cmt59fuss0000tgidoc35458x"
"33","cmqhtp68g000004i6zpv2x2vs","Italian Pizza","A.S. Restaurant (as-restaurant)","Fast Food & Restaurant Kitchen","restaurant-food","129","139","7","","99999","ACTIVE (VISIBLE)","pizza, restaurant, as-restaurant, as, veg, pure-veg","cms2p1lap0000n0id8alldboy","cmt59fuss0000tgidoc35458x"
"34","cmqi2xyx5000004jj44kl54wt","Manchurian","A.S. Restaurant (as-restaurant)","Fast Food & Restaurant Kitchen","restaurant-food","85","99","14","","99999","ACTIVE (VISIBLE)","chinese, chinese-cuisine, chinese cuisine, veg, restaurant, as-restaurant, as, pure-veg","cms2p1lap0000n0id8alldboy","cmt59fuss0000tgidoc35458x"
"35","cmqhr6jb4000004kyqmmyp7vt","Margherita Pizza","A.S. Restaurant (as-restaurant)","Fast Food & Restaurant Kitchen","restaurant-food","99","109","9","","99999","ACTIVE (VISIBLE)","pizza, restaurant, as-restaurant, as, veg, pure-veg","cms2p1lap0000n0id8alldboy","cmt59fuss0000tgidoc35458x"
"36","cmqigtmrg000004l11nz6jo3v","Mix Sauce Pasta","A.S. Restaurant (as-restaurant)","Fast Food & Restaurant Kitchen","restaurant-food","125","125","0","","99999","ACTIVE (VISIBLE)","italian-pasta, italian-pastas, italian pasta's, pasta, veg, restaurant, as-restaurant, as, pure-veg","cms2p1lap0000n0id8alldboy","cmt59fuss0000tgidoc35458x"
"37","cmqhxy8rt000204jxepz12vcs","Mix Veg Garlic Bread","A.S. Restaurant (as-restaurant)","Fast Food & Restaurant Kitchen","restaurant-food","110","110","0","4 Pcs","99999","ACTIVE (VISIBLE)","garlic-bread, garlic bread, garlic-breads, veg, restaurant, as-restaurant, as, pure-veg","cms2p1lap0000n0id8alldboy","cmt59fuss0000tgidoc35458x"
"38","cmqhrugyu000004i98zvpckjq","Onion Pizza","A.S. Restaurant (as-restaurant)","Fast Food & Restaurant Kitchen","restaurant-food","109","119","8","","99999","ACTIVE (VISIBLE)","pizza, restaurant, as-restaurant, as, veg, pure-veg","cms2p1lap0000n0id8alldboy","cmt59fuss0000tgidoc35458x"
"39","cmqhzvpd3000104l1zw5ckyhs","Oreo Chocolate Shake","A.S. Restaurant (as-restaurant)","Fast Food & Restaurant Kitchen","restaurant-food","100","100","0","300 ml","999","ACTIVE (VISIBLE)","shakes, shake, milkshake, milkshakes, veg, restaurant, as-restaurant, as, pure-veg","cms2p1lap0000n0id8alldboy","cmt59fuss0000tgidoc35458x"
"40","cmqhv2kmm000104ib8qg2hypi","Paneer Burger","A.S. Restaurant (as-restaurant)","Fast Food & Restaurant Kitchen","restaurant-food","50","50","0","","99999","ACTIVE (VISIBLE)","burgers, burger, veg-burger, cheese-burger, paneer-burger, veg, restaurant, as-restaurant, as, pure-veg","cms2p1lap0000n0id8alldboy","cmt59fuss0000tgidoc35458x"
"41","cmqhv67ku000004jxd0rt6tz2","Paneer Cheeze Burger","A.S. Restaurant (as-restaurant)","Fast Food & Restaurant Kitchen","restaurant-food","75","75","0","","99999","ACTIVE (VISIBLE)","burgers, burger, veg-burger, cheese-burger, paneer-burger, veg, restaurant, as-restaurant, as, pure-veg","cms2p1lap0000n0id8alldboy","cmt59fuss0000tgidoc35458x"
"42","cmqj7jiiy000204jv9ggxmt64","Paneer Cheeze Frankie Roll","A.S. Restaurant (as-restaurant)","Fast Food & Restaurant Kitchen","restaurant-food","90","90","0","","99999","ACTIVE (VISIBLE)","frankie-rolls, frankie rolls, frankie-roll, frankie roll, rolls, roll, kathi roll, kathi-roll, veg, restaurant, as-restaurant, as, pure-veg","cms2p1lap0000n0id8alldboy","cmt59fuss0000tgidoc35458x"
"43","cmqhxwyd8000104jxwte0tsvg","Paneer Cheeze Garlic Bread","A.S. Restaurant (as-restaurant)","Fast Food & Restaurant Kitchen","restaurant-food","115","115","0","4 Pcs","99999","ACTIVE (VISIBLE)","garlic-bread, garlic bread, garlic-breads, veg, restaurant, as-restaurant, as, pure-veg","cms2p1lap0000n0id8alldboy","cmt59fuss0000tgidoc35458x"
"44","cmqhvscox000004i88wio37ya","Paneer Cheeze Sandwitch","A.S. Restaurant (as-restaurant)","Fast Food & Restaurant Kitchen","restaurant-food","90","90","0","","99999","ACTIVE (VISIBLE)","sandwiches, sandwich, veg, restaurant, as-restaurant, as, pure-veg","cms2p1lap0000n0id8alldboy","cmt59fuss0000tgidoc35458x"
"45","cmqj7h4vv000104jv1m9nmhvo","Paneer Frankie Roll","A.S. Restaurant (as-restaurant)","Fast Food & Restaurant Kitchen","restaurant-food","80","80","0","","99999","ACTIVE (VISIBLE)","frankie-rolls, frankie rolls, frankie-roll, frankie roll, rolls, roll, kathi roll, kathi-roll, veg, restaurant, as-restaurant, as, pure-veg","cms2p1lap0000n0id8alldboy","cmt59fuss0000tgidoc35458x"
"46","cmqi3xox3000104l4gspat3pi","Paneer Fried Momos","A.S. Restaurant (as-restaurant)","Fast Food & Restaurant Kitchen","restaurant-food","65","65","0","8 Pcs","999","ACTIVE (VISIBLE)","hot-bite, snacks, momos, veg, restaurant, as-restaurant, as, pure-veg","cms2p1lap0000n0id8alldboy","cmt59fuss0000tgidoc35458x"
"47","cmqjdbztr000104jswmqy0lxx","Paneer Fried Rice","A.S. Restaurant (as-restaurant)","Fast Food & Restaurant Kitchen","restaurant-food","105","105","0","","99999","ACTIVE (VISIBLE)","rice-dishes, rice dishes, rice-dish, rice dish, biryani, pulav, veg, restaurant, as-restaurant, as, pure-veg","cms2p1lap0000n0id8alldboy","cmt59fuss0000tgidoc35458x"
"48","cmqj7kgcm000304jvmx7w0kma","Paneer Kathi Roll","A.S. Restaurant (as-restaurant)","Fast Food & Restaurant Kitchen","restaurant-food","90","90","0","","99999","ACTIVE (VISIBLE)","frankie-rolls, frankie rolls, frankie-roll, frankie roll, rolls, roll, kathi roll, kathi-roll, veg, restaurant, as-restaurant, as, pure-veg","cms2p1lap0000n0id8alldboy","cmt59fuss0000tgidoc35458x"
"49","cmqhts7vn000004l1tom75kqk","Paneer Makhani Pizza","A.S. Restaurant (as-restaurant)","Fast Food & Restaurant Kitchen","restaurant-food","149","159","6","","99999","ACTIVE (VISIBLE)","pizza, restaurant, as-restaurant, as, veg, pure-veg","cms2p1lap0000n0id8alldboy","cmt59fuss0000tgidoc35458x"
"50","cmqi21si4000004jubnu2g1cx","Paneer Noodles","A.S. Restaurant (as-restaurant)","Fast Food & Restaurant Kitchen","restaurant-food","95","95","0","","99999","ACTIVE (VISIBLE)","chinese, chinese-cuisine, chinese cuisine, veg, restaurant, as-restaurant, as, pure-veg","cms2p1lap0000n0id8alldboy","cmt59fuss0000tgidoc35458x"
"51","cmqhvpaww000204jx72plxjya","Paneer Sandwitch","A.S. Restaurant (as-restaurant)","Fast Food & Restaurant Kitchen","restaurant-food","80","80","0","","99999","ACTIVE (VISIBLE)","sandwiches, sandwich, veg, restaurant, as-restaurant, as, pure-veg","cms2p1lap0000n0id8alldboy","cmt59fuss0000tgidoc35458x"
"52","cmqhvyb4x000204i8q8a2npdz","Pizza Sandwitch","A.S. Restaurant (as-restaurant)","Fast Food & Restaurant Kitchen","restaurant-food","135","135","0","","99999","ACTIVE (VISIBLE)","sandwiches, sandwich, veg, restaurant, as-restaurant, as, pure-veg","cms2p1lap0000n0id8alldboy","cmt59fuss0000tgidoc35458x"
"53","cmqiggt09000004l86a1apssj","Red Sauce Pasta","A.S. Restaurant (as-restaurant)","Fast Food & Restaurant Kitchen","restaurant-food","115","115","0","","99999","ACTIVE (VISIBLE)","italian-pasta, italian-pastas, italian pasta's, pasta, veg, restaurant, as-restaurant, as, pure-veg","cms2p1lap0000n0id8alldboy","cmt59fuss0000tgidoc35458x"
"54","cmqi273r1000004ic6e36qx4z","Sezwan Noodles","A.S. Restaurant (as-restaurant)","Fast Food & Restaurant Kitchen","restaurant-food","90","90","0","","99999","ACTIVE (VISIBLE)","chinese, chinese-cuisine, chinese cuisine, veg, restaurant, as-restaurant, as, pure-veg","cms2p1lap0000n0id8alldboy","cmt59fuss0000tgidoc35458x"
"55","cmqjdjt3i000004jseqdvheia","Sezwan Rice","A.S. Restaurant (as-restaurant)","Fast Food & Restaurant Kitchen","restaurant-food","95","95","0","","99999","ACTIVE (VISIBLE)","rice-dishes, rice dishes, rice-dish, rice dish, biryani, pulav, veg, restaurant, as-restaurant, as, pure-veg","cms2p1lap0000n0id8alldboy","cmt59fuss0000tgidoc35458x"
"56","cmqigfcf4000004ldcqc58t9f","Sezwan Sauce Pasta","A.S. Restaurant (as-restaurant)","Fast Food & Restaurant Kitchen","restaurant-food","95","95","0","","99999","ACTIVE (VISIBLE)","italian-pasta, italian-pastas, italian pasta's, pasta, veg, restaurant, as-restaurant, as, pure-veg","cms2p1lap0000n0id8alldboy","cmt59fuss0000tgidoc35458x"
"57","cmqi2l00e000004l1i0tlf3uw","Singapuri Noodles","A.S. Restaurant (as-restaurant)","Fast Food & Restaurant Kitchen","restaurant-food","105","105","0","","99999","ACTIVE (VISIBLE)","chinese, chinese-cuisine, chinese cuisine, veg, restaurant, as-restaurant, as, pure-veg","cms2p1lap0000n0id8alldboy","cmt59fuss0000tgidoc35458x"
"58","cmqjdsq0u000104js445kl6jw","Singapuri Rice","A.S. Restaurant (as-restaurant)","Fast Food & Restaurant Kitchen","restaurant-food","115","115","0","","99999","ACTIVE (VISIBLE)","rice-dishes, rice dishes, rice-dish, rice dish, biryani, pulav, veg, restaurant, as-restaurant, as, pure-veg","cms2p1lap0000n0id8alldboy","cmt59fuss0000tgidoc35458x"
"59","cmqhw38rc000004l4wbswlwzc","Special Sandwich","A.S. Restaurant (as-restaurant)","Fast Food & Restaurant Kitchen","restaurant-food","100","100","0","","99999","ACTIVE (VISIBLE)","sandwiches, sandwich, veg, restaurant, as-restaurant, as, pure-veg","cms2p1lap0000n0id8alldboy","cmt59fuss0000tgidoc35458x"
"60","cmqhtzt1t000004jorbi3qwp4","Spicy Veggie Pizza","A.S. Restaurant (as-restaurant)","Fast Food & Restaurant Kitchen","restaurant-food","149","159","6","","99999","ACTIVE (VISIBLE)","pizza, restaurant, as-restaurant, as, veg, pure-veg","cms2p1lap0000n0id8alldboy","cmt59fuss0000tgidoc35458x"
"61","cmqi41wcm000004jpiod6g5ko","Spring Roll","A.S. Restaurant (as-restaurant)","Fast Food & Restaurant Kitchen","restaurant-food","50","50","0","","99999","ACTIVE (VISIBLE)","hot-bite, snacks, momos, veg, restaurant, as-restaurant, as, pure-veg","cms2p1lap0000n0id8alldboy","cmt59fuss0000tgidoc35458x"
"62","cmqhzo083000204ic1ujhimgj","Strawberry Shake","A.S. Restaurant (as-restaurant)","Fast Food & Restaurant Kitchen","restaurant-food","85","85","0","300 ml","999","ACTIVE (VISIBLE)","shakes, shake, milkshake, milkshakes, veg, restaurant, as-restaurant, as, pure-veg","cms2p1lap0000n0id8alldboy","cmt59fuss0000tgidoc35458x"
"63","cmqhtmaqg000004ld19thbri9","Sweet Corn Pizza","A.S. Restaurant (as-restaurant)","Fast Food & Restaurant Kitchen","restaurant-food","129","139","7","","99999","ACTIVE (VISIBLE)","pizza, restaurant, as-restaurant, as, veg, pure-veg","cms2p1lap0000n0id8alldboy","cmt59fuss0000tgidoc35458x"
"64","cmqhtugvz000004jmp6yuo0xi","Tandoori Paneer Pizza","A.S. Restaurant (as-restaurant)","Fast Food & Restaurant Kitchen","restaurant-food","149","159","6","","99999","ACTIVE (VISIBLE)","pizza, restaurant, as-restaurant, as, veg, pure-veg","cms2p1lap0000n0id8alldboy","cmt59fuss0000tgidoc35458x"
"65","cmqht3pis000004jmml4tir0s","Tomato Pizza","A.S. Restaurant (as-restaurant)","Fast Food & Restaurant Kitchen","restaurant-food","109","119","8","","99999","ACTIVE (VISIBLE)","pizza, restaurant, as-restaurant, as, veg, pure-veg","cms2p1lap0000n0id8alldboy","cmt59fuss0000tgidoc35458x"
"66","cmqhzlgby000004icf92dj6ua","Vanilla Shake","A.S. Restaurant (as-restaurant)","Fast Food & Restaurant Kitchen","restaurant-food","85","85","0","300 ml","999","ACTIVE (VISIBLE)","shakes, shake, milkshake, milkshakes, veg, restaurant, as-restaurant, as, pure-veg","cms2p1lap0000n0id8alldboy","cmt59fuss0000tgidoc35458x"
"67","cmqhv1hej000004ibh5q6wzgg","Veg Burger","A.S. Restaurant (as-restaurant)","Fast Food & Restaurant Kitchen","restaurant-food","40","40","0","","99999","ACTIVE (VISIBLE)","burgers, burger, veg-burger, cheese-burger, paneer-burger, veg, restaurant, as-restaurant, as, pure-veg","cms2p1lap0000n0id8alldboy","cmt59fuss0000tgidoc35458x"
"68","cmqj7g0ms000004jvs6xbmk8f","Veg Frankie Roll","A.S. Restaurant (as-restaurant)","Fast Food & Restaurant Kitchen","restaurant-food","70","70","0","","99999","ACTIVE (VISIBLE)","frankie-rolls, frankie rolls, frankie-roll, frankie roll, rolls, roll, kathi roll, kathi-roll, veg, restaurant, as-restaurant, as, pure-veg","cms2p1lap0000n0id8alldboy","cmt59fuss0000tgidoc35458x"
"69","cmqi3vz1u000004l4spawcpbv","Veg Fried Momos","A.S. Restaurant (as-restaurant)","Fast Food & Restaurant Kitchen","restaurant-food","50","50","0","8 pcs","999","ACTIVE (VISIBLE)","hot-bite, snacks, momos, veg, restaurant, as-restaurant, as, pure-veg","cms2p1lap0000n0id8alldboy","cmt59fuss0000tgidoc35458x"
"70","cmqjd9nvb000004jsfg3ewbza","Veg Fried Rice","A.S. Restaurant (as-restaurant)","Fast Food & Restaurant Kitchen","restaurant-food","80","80","0","","99999","ACTIVE (VISIBLE)","rice-dishes, rice dishes, rice-dish, rice dish, biryani, pulav, veg, restaurant, as-restaurant, as, pure-veg","cms2p1lap0000n0id8alldboy","cmt59fuss0000tgidoc35458x"
"71","cmqhvmm7b000004jxhu7strzq","Veg Masala Sandwitch","A.S. Restaurant (as-restaurant)","Fast Food & Restaurant Kitchen","restaurant-food","70","70","0","","99999","ACTIVE (VISIBLE)","sandwiches, sandwich, veg, restaurant, as-restaurant, as, pure-veg","cms2p1lap0000n0id8alldboy","cmt59fuss0000tgidoc35458x"
"72","cmqi1tksh000004icq037c12i","Veg Noodles","A.S. Restaurant (as-restaurant)","Fast Food & Restaurant Kitchen","restaurant-food","60","60","0","","99999","ACTIVE (VISIBLE)","chinese, chinese-cuisine, chinese cuisine, veg, restaurant, as-restaurant, as, pure-veg","cms2p1lap0000n0id8alldboy","cmt59fuss0000tgidoc35458x"
"73","cmqhuctgp000004joxvh4wa9e","Veg Special Pizza","A.S. Restaurant (as-restaurant)","Fast Food & Restaurant Kitchen","restaurant-food","169","179","6","","99999","ACTIVE (VISIBLE)","pizza, restaurant, as-restaurant, as, veg, pure-veg","cms2p1lap0000n0id8alldboy","cmt59fuss0000tgidoc35458x"
"74","cmqhuj9qq000004jod1cke6xa","Veggie Delite Pizza","A.S. Restaurant (as-restaurant)","Fast Food & Restaurant Kitchen","restaurant-food","189","199","5","","99999","ACTIVE (VISIBLE)","pizza, restaurant, as-restaurant, as, veg, pure-veg","cms2p1lap0000n0id8alldboy","cmt59fuss0000tgidoc35458x"
"75","cmqhuaceu000004ju23hbam9a","Veggie Overloaded Pizza","A.S. Restaurant (as-restaurant)","Fast Food & Restaurant Kitchen","restaurant-food","165","169","2","","99999","ACTIVE (VISIBLE)","pizza, restaurant, as-restaurant, as, veg, pure-veg","cms2p1lap0000n0id8alldboy","cmt59fuss0000tgidoc35458x"
"76","cmqhufwcw000104joyujs402c","Veggie Paneer Pizza","A.S. Restaurant (as-restaurant)","Fast Food & Restaurant Kitchen","restaurant-food","189","199","5","","99999","ACTIVE (VISIBLE)","pizza, restaurant, as-restaurant, as, veg, pure-veg","cms2p1lap0000n0id8alldboy","cmt59fuss0000tgidoc35458x"
"77","cmqhypc4i000104juf55gz7m2","Virgin Mojito","A.S. Restaurant (as-restaurant)","Fast Food & Restaurant Kitchen","restaurant-food","80","80","0","300 ml","999","ACTIVE (VISIBLE)","mocktails, mocktail, coolers, cooler, mojito, veg, restaurant, as-restaurant, as, pure-veg","cms2p1lap0000n0id8alldboy","cmt59fuss0000tgidoc35458x"
"78","cmqhz2aa5000404jufuw5zn2t","Watermelon Mojito","A.S. Restaurant (as-restaurant)","Fast Food & Restaurant Kitchen","restaurant-food","80","80","0","300 ml","999","ACTIVE (VISIBLE)","mocktails, mocktail, coolers, cooler, mojito, veg, restaurant, as-restaurant, as, pure-veg","cms2p1lap0000n0id8alldboy","cmt59fuss0000tgidoc35458x"
"79","cmqighzcw000104l85q9krcrq","White Sauce Pasta","A.S. Restaurant (as-restaurant)","Fast Food & Restaurant Kitchen","restaurant-food","125","125","0","","99999","ACTIVE (VISIBLE)","italian-pasta, italian-pastas, italian pasta's, pasta, veg, restaurant, as-restaurant, as, pure-veg","cms2p1lap0000n0id8alldboy","cmt59fuss0000tgidoc35458x"
"80","cmrmyymkv000304jptvgw7yjq","Afghani Paneer Tikka","Wedson Restaurant (wedson-restaurant)","Fast Food & Restaurant Kitchen","restaurant-food","269","269","0","","999","ACTIVE (VISIBLE)","restaurant, tandoori-nawab-nawab, wedson-restaurant, wedson, veg, pure-veg","cms2p1lyx0001n0idod904lfu","cmt59fuss0000tgidoc35458x"
"81","cmrlvq7th000204jr4pmfpbbd","Aloo Paratha (2 Pc)","Wedson Restaurant (wedson-restaurant)","Fast Food & Restaurant Kitchen","restaurant-food","99","99","0","","999","HIDDEN (OFF)","restaurant, breakfast, wedson-restaurant, wedson, veg, pure-veg","cms2p1lyx0001n0idod904lfu","cmt59fuss0000tgidoc35458x"
"82","cmrlvtp5x000104l7wz43zkxl","Aloo Paratha with Curd","Wedson Restaurant (wedson-restaurant)","Fast Food & Restaurant Kitchen","restaurant-food","139","139","0","","999","HIDDEN (OFF)","restaurant, breakfast, wedson-restaurant, wedson, veg, pure-veg","cms2p1lyx0001n0idod904lfu","cmt59fuss0000tgidoc35458x"
"83","cmrlwb6au000004l77w8i6gzs","Bread Omlette ","Wedson Restaurant (wedson-restaurant)","Fast Food & Restaurant Kitchen","restaurant-food","99","99","0","","999","HIDDEN (OFF)","restaurant, breakfast, wedson-restaurant, wedson, veg, pure-veg","cms2p1lyx0001n0idod904lfu","cmt59fuss0000tgidoc35458x"
"84","cmrm16cex000104jzrdd5ak3o","Butter Naan","Wedson Restaurant (wedson-restaurant)","Fast Food & Restaurant Kitchen","restaurant-food","40","40","0","1 Naan","999","ACTIVE (VISIBLE)","restaurant, roti-naan-kulcha, wedson-restaurant, wedson, veg, pure-veg","cms2p1lyx0001n0idod904lfu","cmt59fuss0000tgidoc35458x"
"85","cmrss4lo7000304jxv5rckk78","Butter scotch Shake","Wedson Restaurant (wedson-restaurant)","Fast Food & Restaurant Kitchen","restaurant-food","119","119","5","","999","ACTIVE (VISIBLE)","shake, restaurant, wedson-restaurant, wedson, veg, pure-veg","cms2p1lyx0001n0idod904lfu","cmt59fuss0000tgidoc35458x"
"86","cmrt07a4f000104jpynr4oqs9","Capsicum Tomato Onion Pizza ","Wedson Restaurant (wedson-restaurant)","Fast Food & Restaurant Kitchen","restaurant-food","199","199","5","","999","ACTIVE (VISIBLE)","restaurant, pizza, wedson-restaurant, wedson, veg, pure-veg","cms2p1lyx0001n0idod904lfu","cmt59fuss0000tgidoc35458x"
"87","cmrt3tslm000504jp5to4241z","Cheese Burger","Wedson Restaurant (wedson-restaurant)","Fast Food & Restaurant Kitchen","restaurant-food","79","79","5","","999","ACTIVE (VISIBLE)","burger, restaurant, burgers, veg-burger, veg, wedson-restaurant, wedson, pure-veg","cms2p1lyx0001n0idod904lfu","cmt59fuss0000tgidoc35458x"
"88","cmrswq0qj000004lbowxwc4lg","Cheese Chigar Roll","Wedson Restaurant (wedson-restaurant)","Fast Food & Restaurant Kitchen","restaurant-food","199","199","5","","999","ACTIVE (VISIBLE)","restaurant, starter, wedson-restaurant, wedson, veg, pure-veg","cms2p1lyx0001n0idod904lfu","cmt59fuss0000tgidoc35458x"
"89","cmrm186ze000004l7yr23turt","Chilli Garlic Naan","Wedson Restaurant (wedson-restaurant)","Fast Food & Restaurant Kitchen","restaurant-food","69","69","0","1 Naan","999","ACTIVE (VISIBLE)","restaurant, roti-naan-kulcha, wedson-restaurant, wedson, veg, pure-veg","cms2p1lyx0001n0idod904lfu","cmt59fuss0000tgidoc35458x"
"90","cmrsrjxhp000204ktwuv4eqxx","Choclate Shake","Wedson Restaurant (wedson-restaurant)","Fast Food & Restaurant Kitchen","restaurant-food","113","119","5","","999","ACTIVE (VISIBLE)","desserts, shake, shakes, ice-cream, restaurant, wedson-restaurant, wedson, veg, pure-veg","cms2p1lyx0001n0idod904lfu","cmt59fuss0000tgidoc35458x"
"91","cmrluzvl1000104l6e65kbwvs","Chola Kulcha ( 2 Pc)","Wedson Restaurant (wedson-restaurant)","Fast Food & Restaurant Kitchen","restaurant-food","149","149","0","","999","HIDDEN (OFF)","restaurant, breakfast, wedson-restaurant, wedson, veg, pure-veg","cms2p1lyx0001n0idod904lfu","cmt59fuss0000tgidoc35458x"
"92","cmrluylaw000004l6vf9rhjgc","Chole Bhature (2Pc)","Wedson Restaurant (wedson-restaurant)","Fast Food & Restaurant Kitchen","restaurant-food","129","129","0","","999","HIDDEN (OFF)","restaurant, breakfast, wedson-restaurant, wedson, veg, pure-veg","cms2p1lyx0001n0idod904lfu","cmt59fuss0000tgidoc35458x"
"93","cmrsxo4uk000404l9roou2ogp","Corn Cheese Ball","Wedson Restaurant (wedson-restaurant)","Fast Food & Restaurant Kitchen","restaurant-food","149","149","5","","999","ACTIVE (VISIBLE)","restaurant, starter, wedson-restaurant, wedson, veg, pure-veg","cms2p1lyx0001n0idod904lfu","cmt59fuss0000tgidoc35458x"
"94","cmrt08rum000204jpj1zgzdu6","Corn Cheese Pizza","Wedson Restaurant (wedson-restaurant)","Fast Food & Restaurant Kitchen","restaurant-food","199","199","5","","999","ACTIVE (VISIBLE)","pizza, restaurant, wedson-restaurant, wedson, veg, pure-veg","cms2p1lyx0001n0idod904lfu","cmt59fuss0000tgidoc35458x"
"95","cmru4tsz7000c04jovcpga6h3","Dahi ke Kebab","Wedson Restaurant (wedson-restaurant)","Fast Food & Restaurant Kitchen","restaurant-food","199","199","5","","999","ACTIVE (VISIBLE)","restaurant, special-starters, wedson-restaurant, wedson, veg, pure-veg","cms2p1lyx0001n0idod904lfu","cmt59fuss0000tgidoc35458x"
"96","cmrmgwve5000104lexwyi9zib","Dal Fry","Wedson Restaurant (wedson-restaurant)","Fast Food & Restaurant Kitchen","restaurant-food","139","139","0","","998","ACTIVE (VISIBLE)","restaurant, dal, wedson-restaurant, wedson, veg, pure-veg","cms2p1lyx0001n0idod904lfu","cmt59fuss0000tgidoc35458x"
"97","cmrmh8a1c000004l182ri9eo8","Dal Jeera Se","Wedson Restaurant (wedson-restaurant)","Fast Food & Restaurant Kitchen","restaurant-food","149","149","0","","999","ACTIVE (VISIBLE)","dal, restaurant, wedson-restaurant, wedson, veg, pure-veg","cms2p1lyx0001n0idod904lfu","cmt59fuss0000tgidoc35458x"
"98","cmrmgyxvq000204jspcd2gq1i","Dal Makhani","Wedson Restaurant (wedson-restaurant)","Fast Food & Restaurant Kitchen","restaurant-food","219","219","0","","999","ACTIVE (VISIBLE)","restaurant, dal, wedson-restaurant, wedson, veg, pure-veg","cms2p1lyx0001n0idod904lfu","cmt59fuss0000tgidoc35458x"
"99","cmrmgxs81000104jssg6x3tdb","Dal tadka","Wedson Restaurant (wedson-restaurant)","Fast Food & Restaurant Kitchen","restaurant-food","169","169","0","","999","ACTIVE (VISIBLE)","restaurant, dal, wedson-restaurant, wedson, veg, pure-veg","cms2p1lyx0001n0idod904lfu","cmt59fuss0000tgidoc35458x"
"100","cmrt3sf7u000204jpvz39vqv7","Double Tikki Burger ","Wedson Restaurant (wedson-restaurant)","Fast Food & Restaurant Kitchen","restaurant-food","89","89","4","","999","ACTIVE (VISIBLE)","burger, restaurant, burgers, veg-burger, veg, wedson-restaurant, wedson, pure-veg","cms2p1lyx0001n0idod904lfu","cmt59fuss0000tgidoc35458x"
"101","cmrm178zr000204jzhwyifbf4","Garlic Naan","Wedson Restaurant (wedson-restaurant)","Fast Food & Restaurant Kitchen","restaurant-food","59","59","0","1 Naan","999","ACTIVE (VISIBLE)","restaurant, roti-naan-kulcha, wedson-restaurant, wedson, veg, pure-veg","cms2p1lyx0001n0idod904lfu","cmt59fuss0000tgidoc35458x"
"102","cmrz8g1uk000g04l7jjp3mmy6","Hakka Noodles","Wedson Restaurant (wedson-restaurant)","Fast Food & Restaurant Kitchen","restaurant-food","159","159","6","","999","ACTIVE (VISIBLE)","restaurant, special-starters, wedson-restaurant, wedson, veg, pure-veg","cms2p1lyx0001n0idod904lfu","cmt59fuss0000tgidoc35458x"
"103","cmrlmq9ia000904l58smri8vt","Handi Paneer","Wedson Restaurant (wedson-restaurant)","Fast Food & Restaurant Kitchen","restaurant-food","299","299","0","","999","ACTIVE (VISIBLE)","restaurant, main-course, wedson-restaurant, wedson, veg, pure-veg","cms2p1lyx0001n0idod904lfu","cmt59fuss0000tgidoc35458x"
"104","cmru4yl1q000304i8zehivp8a","Hariyali Paneer Tikka","Wedson Restaurant (wedson-restaurant)","Fast Food & Restaurant Kitchen","restaurant-food","219","219","5","","999","ACTIVE (VISIBLE)","special-starters, restaurant, wedson-restaurant, wedson, veg, pure-veg","cms2p1lyx0001n0idod904lfu","cmt59fuss0000tgidoc35458x"
"105","cmrmfmc32000205jso77x37o0","Hydrabadi Handi Biryani ","Wedson Restaurant (wedson-restaurant)","Fast Food & Restaurant Kitchen","restaurant-food","249","249","0","","999","ACTIVE (VISIBLE)","restaurant, basmati-rice-/-biryani, wedson-restaurant, wedson, veg, pure-veg","cms2p1lyx0001n0idod904lfu","cmt59fuss0000tgidoc35458x"
"106","cmrmf3dma000104joh21t7a2b","Jeera Rice","Wedson Restaurant (wedson-restaurant)","Fast Food & Restaurant Kitchen","restaurant-food","129","129","0","","999","ACTIVE (VISIBLE)","restaurant, basmati-rice-/-biryani, wedson-restaurant, wedson, veg, pure-veg","cms2p1lyx0001n0idod904lfu","cmt59fuss0000tgidoc35458x"
"107","cmrlmvzcb000004l56sy2t36p","Kadhai Mushroom ","Wedson Restaurant (wedson-restaurant)","Fast Food & Restaurant Kitchen","restaurant-food","249","249","0","","999","ACTIVE (VISIBLE)","restaurant, main-course, wedson-restaurant, wedson, veg, pure-veg","cms2p1lyx0001n0idod904lfu","cmt59fuss0000tgidoc35458x"
"108","cmrlmx4xa000104l5s7bvtwfg","Kadhai Paneer","Wedson Restaurant (wedson-restaurant)","Fast Food & Restaurant Kitchen","restaurant-food","249","249","0","","998","ACTIVE (VISIBLE)","restaurant, main-course, wedson-restaurant, wedson, veg, pure-veg","cms2p1lyx0001n0idod904lfu","cmt59fuss0000tgidoc35458x"
"109","cmrm1cpup000604l7kljgum7w","Lachha Paratha ","Wedson Restaurant (wedson-restaurant)","Fast Food & Restaurant Kitchen","restaurant-food","39","39","0","1 Paratha","999","ACTIVE (VISIBLE)","restaurant, roti-naan-kulcha, wedson-restaurant, wedson, veg, pure-veg","cms2p1lyx0001n0idod904lfu","cmt59fuss0000tgidoc35458x"
"110","cmrlmuw8i000104l74y76d28i","Matar Mushroom ","Wedson Restaurant (wedson-restaurant)","Fast Food & Restaurant Kitchen","restaurant-food","249","249","0","","999","ACTIVE (VISIBLE)","restaurant, main-course, wedson-restaurant, wedson, veg, pure-veg","cms2p1lyx0001n0idod904lfu","cmt59fuss0000tgidoc35458x"
"111","cmrlmr8xn000a04l50b7umfb1","Matar Paneer","Wedson Restaurant (wedson-restaurant)","Fast Food & Restaurant Kitchen","restaurant-food","239","239","0","","999","ACTIVE (VISIBLE)","main-course, restaurant, wedson-restaurant, wedson, veg, pure-veg","cms2p1lyx0001n0idod904lfu","cmt59fuss0000tgidoc35458x"
"112","cmrmf5oj6000204jockdd0qni","Matar Pulav","Wedson Restaurant (wedson-restaurant)","Fast Food & Restaurant Kitchen","restaurant-food","139","139","0","","999","ACTIVE (VISIBLE)","restaurant, basmati-rice-/-biryani, wedson-restaurant, wedson, veg, pure-veg","cms2p1lyx0001n0idod904lfu","cmt59fuss0000tgidoc35458x"
"113","cmrm199qj000104l79guia4eq","Missi Roti","Wedson Restaurant (wedson-restaurant)","Fast Food & Restaurant Kitchen","restaurant-food","39","39","0","1 Roti","999","ACTIVE (VISIBLE)","restaurant, roti-naan-kulcha, wedson-restaurant, wedson, veg, pure-veg","cms2p1lyx0001n0idod904lfu","cmt59fuss0000tgidoc35458x"
"114","cmrlmszdd000c04l5jxtecg3t","Mushroom do pyaaza ","Wedson Restaurant (wedson-restaurant)","Fast Food & Restaurant Kitchen","restaurant-food","249","249","0","","999","ACTIVE (VISIBLE)","main-course, restaurant, wedson-restaurant, wedson, veg, pure-veg","cms2p1lyx0001n0idod904lfu","cmt59fuss0000tgidoc35458x"
"115","cmrmz9eeb000004kzx2kogy0b","Mushroom Malai Tikka","Wedson Restaurant (wedson-restaurant)","Fast Food & Restaurant Kitchen","restaurant-food","249","249","0","","999","ACTIVE (VISIBLE)","restaurant, tandoori-nawab-nawab, wedson-restaurant, wedson, veg, pure-veg","cms2p1lyx0001n0idod904lfu","cmt59fuss0000tgidoc35458x"
"116","cmrlmu2gh000004l7fysthp1q","Mushroom Masala ","Wedson Restaurant (wedson-restaurant)","Fast Food & Restaurant Kitchen","restaurant-food","249","249","0","","999","ACTIVE (VISIBLE)","restaurant, main-course, wedson-restaurant, wedson, veg, pure-veg","cms2p1lyx0001n0idod904lfu","cmt59fuss0000tgidoc35458x"
"117","cmrmz20np000404jp6irdfppn","Mushroom Tikka Masala ","Wedson Restaurant (wedson-restaurant)","Fast Food & Restaurant Kitchen","restaurant-food","239","239","0","","999","ACTIVE (VISIBLE)","restaurant, tandoori-nawab-nawab, wedson-restaurant, wedson, veg, pure-veg","cms2p1lyx0001n0idod904lfu","cmt59fuss0000tgidoc35458x"
"118","cmrsrzdeq000304kte45vq50j","Oreo Shake","Wedson Restaurant (wedson-restaurant)","Fast Food & Restaurant Kitchen","restaurant-food","119","119","5","","999","ACTIVE (VISIBLE)","shake, restaurant, wedson-restaurant, wedson, veg, pure-veg","cms2p1lyx0001n0idod904lfu","cmt59fuss0000tgidoc35458x"
"119","cmrlmp3cg000404l5eqemt275","Paneer Bhurji","Wedson Restaurant (wedson-restaurant)","Fast Food & Restaurant Kitchen","restaurant-food","249","249","0","","999","ACTIVE (VISIBLE)","main-course, restaurant, wedson-restaurant, wedson, veg, pure-veg","cms2p1lyx0001n0idod904lfu","cmt59fuss0000tgidoc35458x"
"120","cmrt3vbmg000704jpx4tcnvd5","Paneer Burger","Wedson Restaurant (wedson-restaurant)","Fast Food & Restaurant Kitchen","restaurant-food","109","109","4","","999","ACTIVE (VISIBLE)","burger, restaurant, burgers, veg-burger, veg, wedson-restaurant, wedson, pure-veg","cms2p1lyx0001n0idod904lfu","cmt59fuss0000tgidoc35458x"
"121","cmrl24qmo000004jr7ev2408f","Paneer Butter Masala ","Wedson Restaurant (wedson-restaurant)","Fast Food & Restaurant Kitchen","restaurant-food","239","239","0","","999","ACTIVE (VISIBLE)","restaurant, main-course, wedson-restaurant, wedson, veg, pure-veg","cms2p1lyx0001n0idod904lfu","cmt59fuss0000tgidoc35458x"
"122","cmrl2gmxh000004jst4bq85c1","Paneer do pyaaza","Wedson Restaurant (wedson-restaurant)","Fast Food & Restaurant Kitchen","restaurant-food","289","289","0","","999","ACTIVE (VISIBLE)","restaurant, main-course, wedson-restaurant, wedson, veg, pure-veg","cms2p1lyx0001n0idod904lfu","cmt59fuss0000tgidoc35458x"
"123","cmrl2dfi2000104jyehvgdun1","Paneer Lababdaar","Wedson Restaurant (wedson-restaurant)","Fast Food & Restaurant Kitchen","restaurant-food","289","289","0","","999","ACTIVE (VISIBLE)","restaurant, main-course, wedson-restaurant, wedson, veg, pure-veg","cms2p1lyx0001n0idod904lfu","cmt59fuss0000tgidoc35458x"
"124","cmrmyaa1w000104ldi88g5p3c","Paneer Malai Tikka ","Wedson Restaurant (wedson-restaurant)","Fast Food & Restaurant Kitchen","restaurant-food","269","269","0","","999","ACTIVE (VISIBLE)","restaurant, tandoori-nawab-nawab, wedson-restaurant, wedson, veg, pure-veg","cms2p1lyx0001n0idod904lfu","cmt59fuss0000tgidoc35458x"
"125","cmrlvvna6000304l01gaoau7n","Paneer Paratha (2 Pc)","Wedson Restaurant (wedson-restaurant)","Fast Food & Restaurant Kitchen","restaurant-food","149","149","0","","999","HIDDEN (OFF)","restaurant, breakfast, wedson-restaurant, wedson, veg, pure-veg","cms2p1lyx0001n0idod904lfu","cmt59fuss0000tgidoc35458x"
"126","cmrmxv377000104l4cl826asl","Paneer Tikka ","Wedson Restaurant (wedson-restaurant)","Fast Food & Restaurant Kitchen","restaurant-food","239","239","0","","999","ACTIVE (VISIBLE)","restaurant, tandoori-nawab-nawab, wedson-restaurant, wedson, veg, pure-veg","cms2p1lyx0001n0idod904lfu","cmt59fuss0000tgidoc35458x"
"127","cmrmflcmm000105jsautpv6kc","Paneer Tikka Biryani","Wedson Restaurant (wedson-restaurant)","Fast Food & Restaurant Kitchen","restaurant-food","269","269","0","","998","ACTIVE (VISIBLE)","restaurant, basmati-rice-/-biryani, wedson-restaurant, wedson, veg, pure-veg","cms2p1lyx0001n0idod904lfu","cmt59fuss0000tgidoc35458x"
"128","cmrl1v5co000004il4r5m2ezn","Paneer Tikka Masala ","Wedson Restaurant (wedson-restaurant)","Fast Food & Restaurant Kitchen","restaurant-food","289","289","0","","999","ACTIVE (VISIBLE)","restaurant, main-course, wedson-restaurant, wedson, veg, pure-veg","cms2p1lyx0001n0idod904lfu","cmt59fuss0000tgidoc35458x"
"129","cmrt0h30j000004jr0k0642zs","Paneer Tikka Pizza ","Wedson Restaurant (wedson-restaurant)","Fast Food & Restaurant Kitchen","restaurant-food","249","249","5","","999","ACTIVE (VISIBLE)","pizza, restaurant, wedson-restaurant, wedson, veg, pure-veg","cms2p1lyx0001n0idod904lfu","cmt59fuss0000tgidoc35458x"
"130","cmrt0xqc2000d04jp0g6h4e69","Pavbhaji ","Wedson Restaurant (wedson-restaurant)","Fast Food & Restaurant Kitchen","restaurant-food","149","149","7","","999","ACTIVE (VISIBLE)","pizza, restaurant, wedson-restaurant, wedson, veg, pure-veg","cms2p1lyx0001n0idod904lfu","cmt59fuss0000tgidoc35458x"
"131","cmrswtpsz000004l7yn9z2oq0","Peanut Masala ","Wedson Restaurant (wedson-restaurant)","Fast Food & Restaurant Kitchen","restaurant-food","129","129","4","","999","ACTIVE (VISIBLE)","starter, restaurant, wedson-restaurant, wedson, veg, pure-veg","cms2p1lyx0001n0idod904lfu","cmt59fuss0000tgidoc35458x"
"132","cmrsryjif000204ktygqffk9g","Pineapple Shake","Wedson Restaurant (wedson-restaurant)","Fast Food & Restaurant Kitchen","restaurant-food","119","119","5","","999","ACTIVE (VISIBLE)","shake, restaurant, wedson-restaurant, wedson, veg, pure-veg","cms2p1lyx0001n0idod904lfu","cmt59fuss0000tgidoc35458x"
"133","cmrt5y0bg000604jp9i8240ay","Pink Pasta ","Wedson Restaurant (wedson-restaurant)","Fast Food & Restaurant Kitchen","restaurant-food","239","239","4","","999","ACTIVE (VISIBLE)","pasta, restaurant, wedson-restaurant, wedson, veg, pure-veg","cms2p1lyx0001n0idod904lfu","cmt59fuss0000tgidoc35458x"
"134","cmrm15fvf000004jzdgouciuz","Plain Naan","Wedson Restaurant (wedson-restaurant)","Fast Food & Restaurant Kitchen","restaurant-food","35","35","0","1 Naan","999","ACTIVE (VISIBLE)","restaurant, roti-naan-kulcha, wedson-restaurant, wedson, veg, pure-veg","cms2p1lyx0001n0idod904lfu","cmt59fuss0000tgidoc35458x"
"135","cmrlvy1pv000204kz9f6xxprs","Poha","Wedson Restaurant (wedson-restaurant)","Fast Food & Restaurant Kitchen","restaurant-food","99","99","0","","998","HIDDEN (OFF)","restaurant, breakfast, wedson-restaurant, wedson, veg, pure-veg","cms2p1lyx0001n0idod904lfu","cmt59fuss0000tgidoc35458x"
"136","cmrlvwuzi000304l7h82uwdvt","Poori Bhaji (4 Pcs)","Wedson Restaurant (wedson-restaurant)","Fast Food & Restaurant Kitchen","restaurant-food","149","149","0","","999","HIDDEN (OFF)","restaurant, breakfast, wedson-restaurant, wedson, veg, pure-veg","cms2p1lyx0001n0idod904lfu","cmt59fuss0000tgidoc35458x"
"137","cmru4s4eg000904jou5euhpg2","Punjabi Paneer Tikka","Wedson Restaurant (wedson-restaurant)","Fast Food & Restaurant Kitchen","restaurant-food","259","259","5","","999","ACTIVE (VISIBLE)","restaurant, special-starters, wedson-restaurant, wedson, veg, pure-veg","cms2p1lyx0001n0idod904lfu","cmt59fuss0000tgidoc35458x"
"138","cmrt5udjm000204jpzo1is7y7","Red Pasta","Wedson Restaurant (wedson-restaurant)","Fast Food & Restaurant Kitchen","restaurant-food","199","199","5","","999","ACTIVE (VISIBLE)","restaurant, pasta, wedson-restaurant, wedson, veg, pure-veg","cms2p1lyx0001n0idod904lfu","cmt59fuss0000tgidoc35458x"
"139","cmrlmo5cc000104l5g7w5dy8w","Shahi Paneer","Wedson Restaurant (wedson-restaurant)","Fast Food & Restaurant Kitchen","restaurant-food","225","225","0","","998","ACTIVE (VISIBLE)","restaurant, main-course, wedson-restaurant, wedson, veg, pure-veg","cms2p1lyx0001n0idod904lfu","cmt59fuss0000tgidoc35458x"
"140","cmrlms62y000b04l5savd1f78","Soya Chaap Masala ","Wedson Restaurant (wedson-restaurant)","Fast Food & Restaurant Kitchen","restaurant-food","289","289","0","","999","ACTIVE (VISIBLE)","restaurant, main-course, wedson-restaurant, wedson, veg, pure-veg","cms2p1lyx0001n0idod904lfu","cmt59fuss0000tgidoc35458x"
"141","cmru4v0uw000004jm2d2t9t6h","Soya malai chaap","Wedson Restaurant (wedson-restaurant)","Fast Food & Restaurant Kitchen","restaurant-food","219","219","5","","999","ACTIVE (VISIBLE)","special-starters, restaurant, wedson-restaurant, wedson, veg, pure-veg","cms2p1lyx0001n0idod904lfu","cmt59fuss0000tgidoc35458x"
"142","cmru4wy6w000004i8ld5xg142","Soya Masala Chaap","Wedson Restaurant (wedson-restaurant)","Fast Food & Restaurant Kitchen","restaurant-food","239","239","4","","999","ACTIVE (VISIBLE)","special-starters, restaurant, wedson-restaurant, wedson, veg, pure-veg","cms2p1lyx0001n0idod904lfu","cmt59fuss0000tgidoc35458x"
"143","cmrmf1y7l000004jooq294z9e","Steamed Rice","Wedson Restaurant (wedson-restaurant)","Fast Food & Restaurant Kitchen","restaurant-food","119","119","0","","999","ACTIVE (VISIBLE)","restaurant, basmati-rice-/-biryani, wedson-restaurant, wedson, veg, pure-veg","cms2p1lyx0001n0idod904lfu","cmt59fuss0000tgidoc35458x"
"144","cmrsrj1tm000104ktm7atwbgm","Strawberry Shake","Wedson Restaurant (wedson-restaurant)","Fast Food & Restaurant Kitchen","restaurant-food","113","119","5","","999","ACTIVE (VISIBLE)","shake, desserts, ice-cream, restaurant, wedson-restaurant, wedson, veg, pure-veg","cms2p1lyx0001n0idod904lfu","cmt59fuss0000tgidoc35458x"
"145","cmrm1ariv000204l76ngsam10","Stuffed Aloo Kulcha ","Wedson Restaurant (wedson-restaurant)","Fast Food & Restaurant Kitchen","restaurant-food","59","59","0","1 Kulcha","999","ACTIVE (VISIBLE)","restaurant, roti-naan-kulcha, wedson-restaurant, wedson, veg, pure-veg","cms2p1lyx0001n0idod904lfu","cmt59fuss0000tgidoc35458x"
"146","cmrm1bipx000504l7jzzj8ssh","Stuffed Paneer Kulcha","Wedson Restaurant (wedson-restaurant)","Fast Food & Restaurant Kitchen","restaurant-food","79","79","0","1 Kulcha","999","ACTIVE (VISIBLE)","restaurant, roti-naan-kulcha, wedson-restaurant, wedson, veg, pure-veg","cms2p1lyx0001n0idod904lfu","cmt59fuss0000tgidoc35458x"
"147","cmru58umu000504jxuxfb0gji","Tandoori Plater ","Wedson Restaurant (wedson-restaurant)","Fast Food & Restaurant Kitchen","restaurant-food","299","299","5","","999","ACTIVE (VISIBLE)","special-starters, restaurant, wedson-restaurant, wedson, veg, pure-veg","cms2p1lyx0001n0idod904lfu","cmt59fuss0000tgidoc35458x"
"148","cmrm13y8x000004kzj8994frg","Tandoori Roti Butter","Wedson Restaurant (wedson-restaurant)","Fast Food & Restaurant Kitchen","restaurant-food","20","20","0","1 Roti","999","ACTIVE (VISIBLE)","restaurant, roti-naan-kulcha, wedson-restaurant, wedson, veg, pure-veg","cms2p1lyx0001n0idod904lfu","cmt59fuss0000tgidoc35458x"
"149","cmrm12nnp000i04jzdpefptef","Tandoori Roti Plain","Wedson Restaurant (wedson-restaurant)","Fast Food & Restaurant Kitchen","restaurant-food","15","15","0","1 Roti","997","ACTIVE (VISIBLE)","restaurant, roti-naan-kulcha, wedson-restaurant, wedson, veg, pure-veg","cms2p1lyx0001n0idod904lfu","cmt59fuss0000tgidoc35458x"
"150","cmrlmya70000804joqnuorx4w","Turban Paneer Masala ","Wedson Restaurant (wedson-restaurant)","Fast Food & Restaurant Kitchen","restaurant-food","319","319","0","","999","ACTIVE (VISIBLE)","restaurant, main-course, wedson-restaurant, wedson, veg, pure-veg","cms2p1lyx0001n0idod904lfu","cmt59fuss0000tgidoc35458x"
"151","cmrss5aar000404jx8x5l8p0y","Vanilla Shake","Wedson Restaurant (wedson-restaurant)","Fast Food & Restaurant Kitchen","restaurant-food","119","119","5","","999","ACTIVE (VISIBLE)","desserts, shake, shakes, restaurant, wedson-restaurant, wedson, veg, pure-veg","cms2p1lyx0001n0idod904lfu","cmt59fuss0000tgidoc35458x"
"152","cmrmfkc3w000005jsz6sq8xuw","Veg biryani","Wedson Restaurant (wedson-restaurant)","Fast Food & Restaurant Kitchen","restaurant-food","229","229","0","","999","ACTIVE (VISIBLE)","restaurant, basmati-rice-/-biryani, wedson-restaurant, wedson, veg, pure-veg","cms2p1lyx0001n0idod904lfu","cmt59fuss0000tgidoc35458x"
"153","cmrt3qx89000104jp3ukhahpj","Veg Burger ","Wedson Restaurant (wedson-restaurant)","Fast Food & Restaurant Kitchen","restaurant-food","69","69","6","","998","ACTIVE (VISIBLE)","restaurant, burger, burgers, veg-burger, veg, wedson-restaurant, wedson, pure-veg","cms2p1lyx0001n0idod904lfu","cmt59fuss0000tgidoc35458x"
"154","cmrsuw5kk000104l14nl01rim","Veg Cream of Mushroom ","Wedson Restaurant (wedson-restaurant)","Fast Food & Restaurant Kitchen","restaurant-food","119","119","5","","999","ACTIVE (VISIBLE)","restaurant, soup, wedson-restaurant, wedson, veg, pure-veg","cms2p1lyx0001n0idod904lfu","cmt59fuss0000tgidoc35458x"
"155","cmrt0taao000404jrmvvshf05","Veg Grilled Sandwich ","Wedson Restaurant (wedson-restaurant)","Fast Food & Restaurant Kitchen","restaurant-food","149","149","7","","999","ACTIVE (VISIBLE)","restaurant, pizza, wedson-restaurant, wedson, veg, pure-veg","cms2p1lyx0001n0idod904lfu","cmt59fuss0000tgidoc35458x"
"156","cmrsuqd84000104l7g989ogmi","Veg Hot & Sour Soup","Wedson Restaurant (wedson-restaurant)","Fast Food & Restaurant Kitchen","restaurant-food","119","119","5","","999","ACTIVE (VISIBLE)","soup, restaurant, wedson-restaurant, wedson, veg, pure-veg","cms2p1lyx0001n0idod904lfu","cmt59fuss0000tgidoc35458x"
"157","cmrsv3kmv000004l141nb4g7o","Veg Manchow Soup","Wedson Restaurant (wedson-restaurant)","Fast Food & Restaurant Kitchen","restaurant-food","119","119","5","","999","ACTIVE (VISIBLE)","soup, restaurant, wedson-restaurant, wedson, veg, pure-veg","cms2p1lyx0001n0idod904lfu","cmt59fuss0000tgidoc35458x"
"158","cmrmfb6fc000004l0vpzzbqjj","Veg Navratan Pulav","Wedson Restaurant (wedson-restaurant)","Fast Food & Restaurant Kitchen","restaurant-food","199","199","0","","999","ACTIVE (VISIBLE)","restaurant, basmati-rice-/-biryani, wedson-restaurant, wedson, veg, pure-veg","cms2p1lyx0001n0idod904lfu","cmt59fuss0000tgidoc35458x"
"159","cmrmf7qus000004i9uwd6ldhc","Veg Pulav","Wedson Restaurant (wedson-restaurant)","Fast Food & Restaurant Kitchen","restaurant-food","159","159","0","","999","ACTIVE (VISIBLE)","restaurant, basmati-rice-/-biryani, wedson-restaurant, wedson, veg, pure-veg","cms2p1lyx0001n0idod904lfu","cmt59fuss0000tgidoc35458x"
"160","cmrt0s447000204jr74hce80k","Veg Sandwich ","Wedson Restaurant (wedson-restaurant)","Fast Food & Restaurant Kitchen","restaurant-food","139","139","5","","999","ACTIVE (VISIBLE)","pizza, restaurant, wedson-restaurant, wedson, veg, pure-veg","cms2p1lyx0001n0idod904lfu","cmt59fuss0000tgidoc35458x"
"161","cmru565v2000304jxsbnmjmit","Veg Seekh Kebab ","Wedson Restaurant (wedson-restaurant)","Fast Food & Restaurant Kitchen","restaurant-food","199","199","5","","999","ACTIVE (VISIBLE)","special-starters, restaurant, wedson-restaurant, wedson, veg, pure-veg","cms2p1lyx0001n0idod904lfu","cmt59fuss0000tgidoc35458x"
"162","cmrsukjvt000204l1dmv65rid","Veg Sweet Corn Soup","Wedson Restaurant (wedson-restaurant)","Fast Food & Restaurant Kitchen","restaurant-food","119","119","5","","999","ACTIVE (VISIBLE)","restaurant, soup, wedson-restaurant, wedson, veg, pure-veg","cms2p1lyx0001n0idod904lfu","cmt59fuss0000tgidoc35458x"
"163","cmrswn8a0000004l45lulcjqj","Vegetable Spring Roll","Wedson Restaurant (wedson-restaurant)","Fast Food & Restaurant Kitchen","restaurant-food","129","129","5","","999","ACTIVE (VISIBLE)","restaurant, starter, wedson-restaurant, wedson, veg, pure-veg","cms2p1lyx0001n0idod904lfu","cmt59fuss0000tgidoc35458x"
"164","cmrt5wctn000504jp1ofd17bd","White Pasta","Wedson Restaurant (wedson-restaurant)","Fast Food & Restaurant Kitchen","restaurant-food","229","229","4","","999","ACTIVE (VISIBLE)","pasta, restaurant, wedson-restaurant, wedson, veg, pure-veg","cms2p1lyx0001n0idod904lfu","cmt59fuss0000tgidoc35458x"
"165","cmsegha5e000g04kzrtvv6dg6","Achari Paneer Tikka ","Bal Udyan Restaurant (bal-udyan-restaurant)","Fast Food & Restaurant Kitchen","restaurant-food","220","220","0","","999","ACTIVE (VISIBLE)","tandoori-nawab-nawab, restaurant, bal-udyan-restaurant, bal-udyan","cmsbhxb6a000304if8kf1cwji","cmt59fuss0000tgidoc35458x"
"166","cmsegd9n2000h04ldaku65c19","Afghani Paneer Tikka ","Bal Udyan Restaurant (bal-udyan-restaurant)","Fast Food & Restaurant Kitchen","restaurant-food","249","249","0","","999","ACTIVE (VISIBLE)","tandoori-nawab-nawab, restaurant, bal-udyan-restaurant, bal-udyan","cmsbhxb6a000304if8kf1cwji","cmt59fuss0000tgidoc35458x"
"167","cmse8e1gh000704jwdsg3ex00","Aloo Kulcha","Bal Udyan Restaurant (bal-udyan-restaurant)","Fast Food & Restaurant Kitchen","restaurant-food","55","55","0","","999","ACTIVE (VISIBLE)","roti-naan-kulcha, restaurant, bal-udyan-restaurant, bal-udyan","cmsbhxb6a000304if8kf1cwji","cmt59fuss0000tgidoc35458x"
"168","cmsdlda0u000404ky6qalxjv3","Aloo Paratha ","Bal Udyan Restaurant (bal-udyan-restaurant)","Fast Food & Restaurant Kitchen","restaurant-food","80","80","0","","999","ACTIVE (VISIBLE)","breakfast, restaurant, bal-udyan-restaurant, bal-udyan","cmsbhxb6a000304if8kf1cwji","cmt59fuss0000tgidoc35458x"
"169","cmsdn6ct9000104ji5g9vuc2c","Amritsari Chole","Bal Udyan Restaurant (bal-udyan-restaurant)","Fast Food & Restaurant Kitchen","restaurant-food","199","199","0","","999","ACTIVE (VISIBLE)","main-course, restaurant, bal-udyan-restaurant, bal-udyan","cmsbhxb6a000304if8kf1cwji","cmt59fuss0000tgidoc35458x"
"170","cmt7m8z73000204k375leia57","Bal Udyan Special Dosa","Bal Udyan Restaurant (bal-udyan-restaurant)","Fast Food & Restaurant Kitchen","restaurant-food","180","180","0","1 Serving","999","ACTIVE (VISIBLE)","south-indian, south-indian, veg, restaurant, restaurant","cmsbhxb6a000304if8kf1cwji","cmt59fuss0000tgidoc35458x"
"171","cmsdn9w4r000204k1mjjm29k1","Bal Udyan Special Paneer","Bal Udyan Restaurant (bal-udyan-restaurant)","Fast Food & Restaurant Kitchen","restaurant-food","290","290","0","","999","ACTIVE (VISIBLE)","main-course, restaurant, bal-udyan-restaurant, bal-udyan","cmsbhxb6a000304if8kf1cwji","cmt59fuss0000tgidoc35458x"
"172","cmt7ot2gq000004jotdxm9w4l","Blue Lagoon","Bal Udyan Restaurant (bal-udyan-restaurant)","Fast Food & Restaurant Kitchen","restaurant-food","99","99","0","1 Serving","999","ACTIVE (VISIBLE)","mocktailmojito, mocktailmojito, veg, restaurant, restaurant","cmsbhxb6a000304if8kf1cwji","cmt59fuss0000tgidoc35458x"
"173","cmse8c1sl000604jwjoyutg94","Butter Naan","Bal Udyan Restaurant (bal-udyan-restaurant)","Fast Food & Restaurant Kitchen","restaurant-food","30","30","0","","999","ACTIVE (VISIBLE)","roti-naan-kulcha, restaurant, bal-udyan-restaurant, bal-udyan","cmsbhxb6a000304if8kf1cwji","cmt59fuss0000tgidoc35458x"
"174","cmt7eydoq000104jsquo2bonl","Butter Plain Dosa","Bal Udyan Restaurant (bal-udyan-restaurant)","Fast Food & Restaurant Kitchen","restaurant-food","110","110","0","1 Serving","999","ACTIVE (VISIBLE)","south-indian, south-indian, veg, restaurant, restaurant","cmsbhxb6a000304if8kf1cwji","cmt59fuss0000tgidoc35458x"
"175","cmt7p66je000504joxa1azf6t","Butter Scotch Shake","Bal Udyan Restaurant (bal-udyan-restaurant)","Fast Food & Restaurant Kitchen","restaurant-food","110","110","0","1 Serving","999","ACTIVE (VISIBLE)","shake, shake, veg, restaurant, restaurant","cmsbhxb6a000304if8kf1cwji","cmt59fuss0000tgidoc35458x"
"176","cmrubtlws000204l1sb2ty6m6","Butterscotch Cup","Bal Udyan Restaurant (bal-udyan-restaurant)","Fast Food & Restaurant Kitchen","restaurant-food","19","20","5","","999","HIDDEN (OFF)","ice-cream, desserts, kulfi, cones, restaurant, bal-udyan-restaurant, bal-udyan","cmsbhxb6a000304if8kf1cwji","cmt59fuss0000tgidoc35458x"
"177","cmsed9oqz000v04kvbp0a07kb","Cheese Balls","Bal Udyan Restaurant (bal-udyan-restaurant)","Fast Food & Restaurant Kitchen","restaurant-food","130","130","0","","999","ACTIVE (VISIBLE)","starter, restaurant, bal-udyan-restaurant, bal-udyan","cmsbhxb6a000304if8kf1cwji","cmt59fuss0000tgidoc35458x"
"178","cmsec8orc000004kvgi8ynd10","Cheese Sigar Roll","Bal Udyan Restaurant (bal-udyan-restaurant)","Fast Food & Restaurant Kitchen","restaurant-food","140","140","0","","999","ACTIVE (VISIBLE)","starter, restaurant, bal-udyan-restaurant, bal-udyan","cmsbhxb6a000304if8kf1cwji","cmt59fuss0000tgidoc35458x"
"179","cmseddpb5000104l4bxq4dz2h","Chilli Mushroom ","Bal Udyan Restaurant (bal-udyan-restaurant)","Fast Food & Restaurant Kitchen","restaurant-food","225","225","0","","999","ACTIVE (VISIBLE)","starter, restaurant, bal-udyan-restaurant, bal-udyan","cmsbhxb6a000304if8kf1cwji","cmt59fuss0000tgidoc35458x"
"180","cmsedbns5000104l6vltn20ag","Chilli Paneer","Bal Udyan Restaurant (bal-udyan-restaurant)","Fast Food & Restaurant Kitchen","restaurant-food","199","199","0","1 Plate","999","ACTIVE (VISIBLE)","starters-tandoori, special-starters, tandoori-nawab-nawab, starter, starters, kebabs, tikka, chaap, veg, restaurant, bal-udyan-restaurant, bal-udyan","cmsbhxb6a000304if8kf1cwji","cmt59fuss0000tgidoc35458x"
"181","cmt7p4gyp000304jol4ysl9ix","Chocolate Shake","Bal Udyan Restaurant (bal-udyan-restaurant)","Fast Food & Restaurant Kitchen","restaurant-food","110","110","0","1 Serving","999","ACTIVE (VISIBLE)","shakes-beverages, shake, shakes, beverage, drinks, mocktail, coffee, veg, restaurant, restaurant","cmsbhxb6a000304if8kf1cwji","cmt59fuss0000tgidoc35458x"
"182","cmsdlgl7e000004l2ibqytuun","Chola Kulcha","Bal Udyan Restaurant (bal-udyan-restaurant)","Fast Food & Restaurant Kitchen","restaurant-food","110","110","0","","999","ACTIVE (VISIBLE)","breakfast, restaurant, bal-udyan-restaurant, bal-udyan","cmsbhxb6a000304if8kf1cwji","cmt59fuss0000tgidoc35458x"
"183","cmsdlhz7j000304l266vxi7sp","Chola Paneer Kulcha","Bal Udyan Restaurant (bal-udyan-restaurant)","Fast Food & Restaurant Kitchen","restaurant-food","129","129","0","","999","ACTIVE (VISIBLE)","breakfast, restaurant, bal-udyan-restaurant, bal-udyan","cmsbhxb6a000304if8kf1cwji","cmt59fuss0000tgidoc35458x"
"184","cmsdl3o7z000104kyfe3g61yg","Chole Bhature","Bal Udyan Restaurant (bal-udyan-restaurant)","Fast Food & Restaurant Kitchen","restaurant-food","110","110","0","2 pc","997","ACTIVE (VISIBLE)","breakfast, paratha, poori, chole-bhature, nashta, poha, veg, restaurant, bal-udyan-restaurant, bal-udyan","cmsbhxb6a000304if8kf1cwji","cmt59fuss0000tgidoc35458x"
"185","cmt7myzh5000004jos7m7uk1b","Club Sandwich","Bal Udyan Restaurant (bal-udyan-restaurant)","Fast Food & Restaurant Kitchen","restaurant-food","149","149","0","1 Serving","999","ACTIVE (VISIBLE)","sandwich, sandwich, veg, restaurant, restaurant","cmsbhxb6a000304if8kf1cwji","cmt59fuss0000tgidoc35458x"
"186","cmqhe2f60000004js1qdbd61j","Coca Cola ","Bal Udyan Restaurant (bal-udyan-restaurant)","Fast Food & Restaurant Kitchen","restaurant-food","29","30","3","1 Can","999","HIDDEN (OFF)","beverages, chilled, drinks, soft-drink, restaurant, bal-udyan-restaurant, bal-udyan","cmsbhxb6a000304if8kf1cwji","cmt59fuss0000tgidoc35458x"
"187","cmsecxl1j000504kvmtkvqrms","Corn Cheeze Ball","Bal Udyan Restaurant (bal-udyan-restaurant)","Fast Food & Restaurant Kitchen","restaurant-food","130","130","0","","999","ACTIVE (VISIBLE)","starter, restaurant, bal-udyan-restaurant, bal-udyan","cmsbhxb6a000304if8kf1cwji","cmt59fuss0000tgidoc35458x"
"188","cmt7mryer000104joovg9p43m","Corn Grilled Sandwich","Bal Udyan Restaurant (bal-udyan-restaurant)","Fast Food & Restaurant Kitchen","restaurant-food","100","100","0","1 Serving","999","ACTIVE (VISIBLE)","sandwich, sandwich, veg, restaurant, restaurant","cmsbhxb6a000304if8kf1cwji","cmt59fuss0000tgidoc35458x"
"189","cmseeaqi9000304jy6sxl6y0t","Crispy Corn ","Bal Udyan Restaurant (bal-udyan-restaurant)","Fast Food & Restaurant Kitchen","restaurant-food","149","149","0","","999","ACTIVE (VISIBLE)","starter, restaurant, bal-udyan-restaurant, bal-udyan","cmsbhxb6a000304if8kf1cwji","cmt59fuss0000tgidoc35458x"
"190","cmsedk7o0000404jpja0plzms","Dahi ke Kabab","Bal Udyan Restaurant (bal-udyan-restaurant)","Fast Food & Restaurant Kitchen","restaurant-food","149","149","0","","999","ACTIVE (VISIBLE)","starter, restaurant, bal-udyan-restaurant, bal-udyan","cmsbhxb6a000304if8kf1cwji","cmt59fuss0000tgidoc35458x"
"191","cmsegqv52000d04ju3hizxhs5","Dal Fry","Bal Udyan Restaurant (bal-udyan-restaurant)","Fast Food & Restaurant Kitchen","restaurant-food","120","120","0","","999","ACTIVE (VISIBLE)","dal, restaurant, bal-udyan-restaurant, bal-udyan","cmsbhxb6a000304if8kf1cwji","cmt59fuss0000tgidoc35458x"
"192","cmsegs7fw000i04juj0rlaxhq","Dal Makhani ","Bal Udyan Restaurant (bal-udyan-restaurant)","Fast Food & Restaurant Kitchen","restaurant-food","180","180","0","","999","ACTIVE (VISIBLE)","dal, restaurant, bal-udyan-restaurant, bal-udyan","cmsbhxb6a000304if8kf1cwji","cmt59fuss0000tgidoc35458x"
"193","cmsegrkv9000g04jufcn3b1v5","Dal Tadka","Bal Udyan Restaurant (bal-udyan-restaurant)","Fast Food & Restaurant Kitchen","restaurant-food","149","149","0","","999","ACTIVE (VISIBLE)","dal, restaurant, bal-udyan-restaurant, bal-udyan","cmsbhxb6a000304if8kf1cwji","cmt59fuss0000tgidoc35458x"
"194","cmsee6l2f000104jytdauw6o0","Extra Pav ","Bal Udyan Restaurant (bal-udyan-restaurant)","Fast Food & Restaurant Kitchen","restaurant-food","30","30","0","","999","ACTIVE (VISIBLE)","starter, restaurant, bal-udyan-restaurant, bal-udyan","cmsbhxb6a000304if8kf1cwji","cmt59fuss0000tgidoc35458x"
"195","cmsecwr2g000404kvj5uc0tr2","French Fries ","Bal Udyan Restaurant (bal-udyan-restaurant)","Fast Food & Restaurant Kitchen","restaurant-food","79","79","0","","999","ACTIVE (VISIBLE)","starter, restaurant, bal-udyan-restaurant, bal-udyan","cmsbhxb6a000304if8kf1cwji","cmt59fuss0000tgidoc35458x"
"196","cmt7oxo01000104jozbj0bsxg","Fresh Lime Soda Sweets/Salt","Bal Udyan Restaurant (bal-udyan-restaurant)","Fast Food & Restaurant Kitchen","restaurant-food","50","50","0","1 Serving","999","ACTIVE (VISIBLE)","mocktailmojito, mocktailmojito, veg, restaurant, restaurant","cmsbhxb6a000304if8kf1cwji","cmt59fuss0000tgidoc35458x"
"197","cmse8ki1y000404lalyxste54","Garlic Naan","Bal Udyan Restaurant (bal-udyan-restaurant)","Fast Food & Restaurant Kitchen","restaurant-food","50","50","0","","999","ACTIVE (VISIBLE)","roti-naan-kulcha, restaurant, bal-udyan-restaurant, bal-udyan","cmsbhxb6a000304if8kf1cwji","cmt59fuss0000tgidoc35458x"
"198","cmt7ffpqx000104ky76qc7p6h","Ghee Roasted Dosa","Bal Udyan Restaurant (bal-udyan-restaurant)","Fast Food & Restaurant Kitchen","restaurant-food","139","139","0","1 Serving","999","ACTIVE (VISIBLE)","south-indian, south-indian, veg, restaurant, restaurant","cmsbhxb6a000304if8kf1cwji","cmt59fuss0000tgidoc35458x"
"199","cmsdmpw6v000204lesdu8r1yy","Handi Paneer","Bal Udyan Restaurant (bal-udyan-restaurant)","Fast Food & Restaurant Kitchen","restaurant-food","249","249","0","","998","ACTIVE (VISIBLE)","restaurant, main-course, bal-udyan-restaurant, bal-udyan","cmsbhxb6a000304if8kf1cwji","cmt59fuss0000tgidoc35458x"
"200","cmsechdyg000304jok87rnrqw","Hara Bhara Kabab ","Bal Udyan Restaurant (bal-udyan-restaurant)","Fast Food & Restaurant Kitchen","restaurant-food","140","140","0","","999","ACTIVE (VISIBLE)","starter, restaurant, bal-udyan-restaurant, bal-udyan","cmsbhxb6a000304if8kf1cwji","cmt59fuss0000tgidoc35458x"
"201","cmsedhkb1000404l4l8hbmoll","Honey Chilli Potato ","Bal Udyan Restaurant (bal-udyan-restaurant)","Fast Food & Restaurant Kitchen","restaurant-food","169","169","0","","999","ACTIVE (VISIBLE)","starter, restaurant, bal-udyan-restaurant, bal-udyan","cmsbhxb6a000304if8kf1cwji","cmt59fuss0000tgidoc35458x"
"202","cmsdmfryt000404l78a0wbwle","Kadhai Paneer ","Bal Udyan Restaurant (bal-udyan-restaurant)","Fast Food & Restaurant Kitchen","restaurant-food","239","239","0","","999","ACTIVE (VISIBLE)","main-course, restaurant, bal-udyan-restaurant, bal-udyan","cmsbhxb6a000304if8kf1cwji","cmt59fuss0000tgidoc35458x"
"203","cmt7pda81000504jrslt99946","Kitkat Shake","Bal Udyan Restaurant (bal-udyan-restaurant)","Fast Food & Restaurant Kitchen","restaurant-food","99","99","0","1 Serving","999","ACTIVE (VISIBLE)","shake, shake, veg, restaurant, restaurant","cmsbhxb6a000304if8kf1cwji","cmt59fuss0000tgidoc35458x"
"204","cmse8n44x000704la72kq1nsv","Lachcha Paratha","Bal Udyan Restaurant (bal-udyan-restaurant)","Fast Food & Restaurant Kitchen","restaurant-food","30","30","0","","999","ACTIVE (VISIBLE)","roti-naan-kulcha, restaurant, bal-udyan-restaurant, bal-udyan","cmsbhxb6a000304if8kf1cwji","cmt59fuss0000tgidoc35458x"
"205","cmsdlmtfi000904l1plhv5bds","Maggie","Bal Udyan Restaurant (bal-udyan-restaurant)","Fast Food & Restaurant Kitchen","restaurant-food","70","70","0","","999","ACTIVE (VISIBLE)","breakfast, restaurant, bal-udyan-restaurant, bal-udyan","cmsbhxb6a000304if8kf1cwji","cmt59fuss0000tgidoc35458x"
"206","cmt7pgjcp000604jrq3ts6bm6","Mango Shake","Bal Udyan Restaurant (bal-udyan-restaurant)","Fast Food & Restaurant Kitchen","restaurant-food","70","70","0","1 Serving","999","ACTIVE (VISIBLE)","shake, shake, veg, restaurant, restaurant","cmsbhxb6a000304if8kf1cwji","cmt59fuss0000tgidoc35458x"
"207","cmt7etfjn000004kyrrb4hk1q","Masala Dosa","Bal Udyan Restaurant (bal-udyan-restaurant)","Fast Food & Restaurant Kitchen","restaurant-food","90","90","0","1 Serving","999","ACTIVE (VISIBLE)","south-indian, south-indian, veg, restaurant, restaurant","cmsbhxb6a000304if8kf1cwji","cmt59fuss0000tgidoc35458x"
"208","cmsdmgnrz000604l7peuxmqsb","Matar Paneer ","Bal Udyan Restaurant (bal-udyan-restaurant)","Fast Food & Restaurant Kitchen","restaurant-food","200","200","0","","998","ACTIVE (VISIBLE)","main-course, restaurant, bal-udyan-restaurant, bal-udyan","cmsbhxb6a000304if8kf1cwji","cmt59fuss0000tgidoc35458x"
"209","cmt7oqb2b000404jrdl8h17bg","Mint Mojito","Bal Udyan Restaurant (bal-udyan-restaurant)","Fast Food & Restaurant Kitchen","restaurant-food","99","99","0","1 Serving","999","ACTIVE (VISIBLE)","mocktailmojito, mocktailmojito, veg, restaurant, restaurant","cmsbhxb6a000304if8kf1cwji","cmt59fuss0000tgidoc35458x"
"210","cmse842fn000904l8r120d3v6","Missi Roti","Bal Udyan Restaurant (bal-udyan-restaurant)","Fast Food & Restaurant Kitchen","restaurant-food","25","25","0","","999","ACTIVE (VISIBLE)","roti-naan-kulcha, restaurant, bal-udyan-restaurant, bal-udyan","cmsbhxb6a000304if8kf1cwji","cmt59fuss0000tgidoc35458x"
"211","cmseejw1w001j04kv7oiuzm1c","Mix Pakodi","Bal Udyan Restaurant (bal-udyan-restaurant)","Fast Food & Restaurant Kitchen","restaurant-food","100","100","0","","999","ACTIVE (VISIBLE)","starter, restaurant, bal-udyan-restaurant, bal-udyan","cmsbhxb6a000304if8kf1cwji","cmt59fuss0000tgidoc35458x"
"212","cmsdltm2e000704jl3mab5vac","Mix Paratha ","Bal Udyan Restaurant (bal-udyan-restaurant)","Fast Food & Restaurant Kitchen","restaurant-food","90","90","0","","999","ACTIVE (VISIBLE)","breakfast, restaurant, bal-udyan-restaurant, bal-udyan","cmsbhxb6a000304if8kf1cwji","cmt59fuss0000tgidoc35458x"
"213","cmsdndssi000404k1yys6qhiz","Mix Vegetable ","Bal Udyan Restaurant (bal-udyan-restaurant)","Fast Food & Restaurant Kitchen","restaurant-food","199","199","0","","999","ACTIVE (VISIBLE)","main-course, restaurant, bal-udyan-restaurant, bal-udyan","cmsbhxb6a000304if8kf1cwji","cmt59fuss0000tgidoc35458x"
"214","cmsdls2l4000504jlcsp8x3ej","Muli Paratha","Bal Udyan Restaurant (bal-udyan-restaurant)","Fast Food & Restaurant Kitchen","restaurant-food","80","80","0","","999","ACTIVE (VISIBLE)","breakfast, restaurant, bal-udyan-restaurant, bal-udyan","cmsbhxb6a000304if8kf1cwji","cmt59fuss0000tgidoc35458x"
"215","cmsegeeng000404l86cowx2kp","Mushroom Tikka ","Bal Udyan Restaurant (bal-udyan-restaurant)","Fast Food & Restaurant Kitchen","restaurant-food","220","220","0","","999","ACTIVE (VISIBLE)","tandoori-nawab-nawab, restaurant, bal-udyan-restaurant, bal-udyan","cmsbhxb6a000304if8kf1cwji","cmt59fuss0000tgidoc35458x"
"216","cmsegf9lv000i04ldlv3qg9sm","Mushroom Tikka Malai","Bal Udyan Restaurant (bal-udyan-restaurant)","Fast Food & Restaurant Kitchen","restaurant-food","249","249","0","","999","ACTIVE (VISIBLE)","tandoori-nawab-nawab, restaurant, bal-udyan-restaurant, bal-udyan","cmsbhxb6a000304if8kf1cwji","cmt59fuss0000tgidoc35458x"
"217","cmt7f3los000404jsydimy4ga","Mysore Dosa","Bal Udyan Restaurant (bal-udyan-restaurant)","Fast Food & Restaurant Kitchen","restaurant-food","149","149","0","1 Serving","999","ACTIVE (VISIBLE)","south-indian, south-indian, veg, restaurant, restaurant","cmsbhxb6a000304if8kf1cwji","cmt59fuss0000tgidoc35458x"
"218","cmse8o68v000804lajfl4vd4n","Onion Kulcha","Bal Udyan Restaurant (bal-udyan-restaurant)","Fast Food & Restaurant Kitchen","restaurant-food","55","55","0","","999","ACTIVE (VISIBLE)","roti-naan-kulcha, restaurant, bal-udyan-restaurant, bal-udyan","cmsbhxb6a000304if8kf1cwji","cmt59fuss0000tgidoc35458x"
"219","cmt7ew66r000104kyexiiult6","Onion Masala Dosa","Bal Udyan Restaurant (bal-udyan-restaurant)","Fast Food & Restaurant Kitchen","restaurant-food","99","99","0","1 Serving","999","ACTIVE (VISIBLE)","south-indian, south-indian, veg, restaurant, restaurant","cmsbhxb6a000304if8kf1cwji","cmt59fuss0000tgidoc35458x"
"220","cmt7ev7f0000004l4yfj6o3hg","Onion Plain Dosa","Bal Udyan Restaurant (bal-udyan-restaurant)","Fast Food & Restaurant Kitchen","restaurant-food","90","90","0","1 Serving","999","ACTIVE (VISIBLE)","south-indian, south-indian, veg, restaurant, restaurant","cmsbhxb6a000304if8kf1cwji","cmt59fuss0000tgidoc35458x"
"221","cmt7paoy7000704jocdifc7jp","Oreo Shake","Bal Udyan Restaurant (bal-udyan-restaurant)","Fast Food & Restaurant Kitchen","restaurant-food","99","99","0","1 Serving","999","ACTIVE (VISIBLE)","shake, shake, veg, restaurant, restaurant","cmsbhxb6a000304if8kf1cwji","cmt59fuss0000tgidoc35458x"
"222","cmsdmle88000404l9qf8te46e","Palak Paneer","Bal Udyan Restaurant (bal-udyan-restaurant)","Fast Food & Restaurant Kitchen","restaurant-food","125","125","0","","999","ACTIVE (VISIBLE)","main-course, restaurant, bal-udyan-restaurant, bal-udyan","cmsbhxb6a000304if8kf1cwji","cmt59fuss0000tgidoc35458x"
"223","cmsed8908000104jpzcbqokt0","Paneer 65","Bal Udyan Restaurant (bal-udyan-restaurant)","Fast Food & Restaurant Kitchen","restaurant-food","130","130","0","","999","ACTIVE (VISIBLE)","starter, restaurant, bal-udyan-restaurant, bal-udyan","cmsbhxb6a000304if8kf1cwji","cmt59fuss0000tgidoc35458x"
"224","cmt7m03yl000004k3eqxqaayx","Paneer Bhujia Dosa","Bal Udyan Restaurant (bal-udyan-restaurant)","Fast Food & Restaurant Kitchen","restaurant-food","140","140","0","1 Serving","999","ACTIVE (VISIBLE)","south-indian, south-indian, veg, restaurant, restaurant","cmsbhxb6a000304if8kf1cwji","cmt59fuss0000tgidoc35458x"
"225","cmsdmhqj3000205l6f9i3x09q","Paneer Bhurji","Bal Udyan Restaurant (bal-udyan-restaurant)","Fast Food & Restaurant Kitchen","restaurant-food","199","199","0","Full plate","99999","ACTIVE (VISIBLE)","main-course, north-indian, curry, dal-makhani, paneer-butter-masala, paneer, main-course, dal, veg, restaurant, restaurant","cmsbhxb6a000304if8kf1cwji","cmt59fuss0000tgidoc35458x"
"226","cmsdmczca000104l7nbptmnn0","Paneer Butter Masala","Bal Udyan Restaurant (bal-udyan-restaurant)","Fast Food & Restaurant Kitchen","restaurant-food","225","225","0","Full ","9999","ACTIVE (VISIBLE)","main-course, north-indian, curry, dal-makhani, paneer-butter-masala, paneer, main-course, dal, veg, restaurant, restaurant","cmsbhxb6a000304if8kf1cwji","cmt59fuss0000tgidoc35458x"
"227","cmsdmui3k000804l9ifgkbkco","Paneer Dil Bahar","Bal Udyan Restaurant (bal-udyan-restaurant)","Fast Food & Restaurant Kitchen","restaurant-food","280","280","0","","999","ACTIVE (VISIBLE)","main-course, restaurant, bal-udyan-restaurant, bal-udyan","cmsbhxb6a000304if8kf1cwji","cmt59fuss0000tgidoc35458x"
"228","cmsdmeyah000304l79xltycux","Paneer Do Pyaaza","Bal Udyan Restaurant (bal-udyan-restaurant)","Fast Food & Restaurant Kitchen","restaurant-food","240","240","0","Full","99999","ACTIVE (VISIBLE)","main-course, north-indian, curry, dal-makhani, paneer-butter-masala, paneer, main-course, dal, veg, restaurant, restaurant","cmsbhxb6a000304if8kf1cwji","cmt59fuss0000tgidoc35458x"
"229","cmt7f09k7000304js2z1jzi6t","Paneer Dosa","Bal Udyan Restaurant (bal-udyan-restaurant)","Fast Food & Restaurant Kitchen","restaurant-food","130","130","0","1 Serving","999","ACTIVE (VISIBLE)","south-indian, south-indian, veg, restaurant, restaurant","cmsbhxb6a000304if8kf1cwji","cmt59fuss0000tgidoc35458x"
"230","cmse8lu0t000504larmo0oh90","Paneer Kulcha ","Bal Udyan Restaurant (bal-udyan-restaurant)","Fast Food & Restaurant Kitchen","restaurant-food","55","55","0","","999","ACTIVE (VISIBLE)","roti-naan-kulcha, restaurant, bal-udyan-restaurant, bal-udyan","cmsbhxb6a000304if8kf1cwji","cmt59fuss0000tgidoc35458x"
"231","cmsdmdyja000204l7a85zaut3","Paneer Lababdaar","Bal Udyan Restaurant (bal-udyan-restaurant)","Fast Food & Restaurant Kitchen","restaurant-food","239","239","0","Full","99999","ACTIVE (VISIBLE)","main-course, north-indian, curry, dal-makhani, paneer-butter-masala, paneer, main-course, dal, veg, restaurant, restaurant","cmsbhxb6a000304if8kf1cwji","cmt59fuss0000tgidoc35458x"
"232","cmsegc6ry000f04ldln5dhwnl","Paneer Malai Tikka ","Bal Udyan Restaurant (bal-udyan-restaurant)","Fast Food & Restaurant Kitchen","restaurant-food","249","249","0","","999","ACTIVE (VISIBLE)","tandoori-nawab-nawab, restaurant, bal-udyan-restaurant, bal-udyan","cmsbhxb6a000304if8kf1cwji","cmt59fuss0000tgidoc35458x"
"233","cmsedgeal000304l4gr1qu1gr","Paneer Manchurian ","Bal Udyan Restaurant (bal-udyan-restaurant)","Fast Food & Restaurant Kitchen","restaurant-food","199","199","0","","999","ACTIVE (VISIBLE)","starter, restaurant, bal-udyan-restaurant, bal-udyan","cmsbhxb6a000304if8kf1cwji","cmt59fuss0000tgidoc35458x"
"234","cmt7m2k47000104k3y4jsroby","Paneer Mysore Dosa","Bal Udyan Restaurant (bal-udyan-restaurant)","Fast Food & Restaurant Kitchen","restaurant-food","160","160","0","1 Serving","999","ACTIVE (VISIBLE)","south-indian, south-indian, veg, restaurant, restaurant","cmsbhxb6a000304if8kf1cwji","cmt59fuss0000tgidoc35458x"
"235","cmseej4pb001i04kv9jvy2cmt","Paneer Pakodi","Bal Udyan Restaurant (bal-udyan-restaurant)","Fast Food & Restaurant Kitchen","restaurant-food","150","150","0","","999","ACTIVE (VISIBLE)","starter, restaurant, bal-udyan-restaurant, bal-udyan","cmsbhxb6a000304if8kf1cwji","cmt59fuss0000tgidoc35458x"
"236","cmsdlf4ws000704kycfb5zga3","Paneer Paratha","Bal Udyan Restaurant (bal-udyan-restaurant)","Fast Food & Restaurant Kitchen","restaurant-food","99","99","0","","999","ACTIVE (VISIBLE)","breakfast, restaurant, bal-udyan-restaurant, bal-udyan","cmsbhxb6a000304if8kf1cwji","cmt59fuss0000tgidoc35458x"
"237","cmsdmoqvg000604l9detin6ga","Paneer Pasanda","Bal Udyan Restaurant (bal-udyan-restaurant)","Fast Food & Restaurant Kitchen","restaurant-food","239","239","0","","999","ACTIVE (VISIBLE)","main-course, restaurant, bal-udyan-restaurant, bal-udyan","cmsbhxb6a000304if8kf1cwji","cmt59fuss0000tgidoc35458x"
"238","cmsegb6j3000e04ldl76a3tf0","Paneer Tikka ","Bal Udyan Restaurant (bal-udyan-restaurant)","Fast Food & Restaurant Kitchen","restaurant-food","220","220","0","","999","ACTIVE (VISIBLE)","tandoori-nawab-nawab, restaurant, bal-udyan-restaurant, bal-udyan","cmsbhxb6a000304if8kf1cwji","cmt59fuss0000tgidoc35458x"
"239","cmt7n1doo000304k39ei3vcmz","Paneer Tikka Grilled Sandwich","Bal Udyan Restaurant (bal-udyan-restaurant)","Fast Food & Restaurant Kitchen","restaurant-food","140","140","0","1 Serving","999","ACTIVE (VISIBLE)","pizzas-burgers, pizza, burger, burgers, pizzas, sandwich, veg, restaurant, restaurant","cmsbhxb6a000304if8kf1cwji","cmt59fuss0000tgidoc35458x"
"240","cmsdm5v2z000104kwpwb9t2be","Paneer Tikka Masala ","Bal Udyan Restaurant (bal-udyan-restaurant)","Fast Food & Restaurant Kitchen","restaurant-food","239","239","0","","999","ACTIVE (VISIBLE)","main-course, restaurant, bal-udyan-restaurant, bal-udyan","cmsbhxb6a000304if8kf1cwji","cmt59fuss0000tgidoc35458x"
"241","cmt7muxdk000204jo74e9t1fj","Paneer Tikka Sandwich","Bal Udyan Restaurant (bal-udyan-restaurant)","Fast Food & Restaurant Kitchen","restaurant-food","120","120","0","1 Serving","999","ACTIVE (VISIBLE)","pizzas-burgers, pizza, burger, burgers, pizzas, sandwich, veg, restaurant, restaurant","cmsbhxb6a000304if8kf1cwji","cmt59fuss0000tgidoc35458x"
"242","cmsdmyqdl000104k1w46oisim","Paneer Tiranga ","Bal Udyan Restaurant (bal-udyan-restaurant)","Fast Food & Restaurant Kitchen","restaurant-food","290","290","0","","999","ACTIVE (VISIBLE)","main-course, restaurant, bal-udyan-restaurant, bal-udyan","cmsbhxb6a000304if8kf1cwji","cmt59fuss0000tgidoc35458x"
"243","cmt7ez0kj000204js4eu0yy0k","Paper Dosa","Bal Udyan Restaurant (bal-udyan-restaurant)","Fast Food & Restaurant Kitchen","restaurant-food","70","70","0","1 Serving","999","ACTIVE (VISIBLE)","south-indian, south-indian, veg, restaurant, restaurant","cmsbhxb6a000304if8kf1cwji","cmt59fuss0000tgidoc35458x"
"244","cmsee5xry001e04kv7925ozvk","Pav bhaji ","Bal Udyan Restaurant (bal-udyan-restaurant)","Fast Food & Restaurant Kitchen","restaurant-food","110","110","0","","999","ACTIVE (VISIBLE)","starter, restaurant, bal-udyan-restaurant, bal-udyan","cmsbhxb6a000304if8kf1cwji","cmt59fuss0000tgidoc35458x"
"245","cmsec9luz000104kvtkg2cumw","Peanut Masala ","Bal Udyan Restaurant (bal-udyan-restaurant)","Fast Food & Restaurant Kitchen","restaurant-food","99","99","0","","999","ACTIVE (VISIBLE)","starter, restaurant, bal-udyan-restaurant, bal-udyan","cmsbhxb6a000304if8kf1cwji","cmt59fuss0000tgidoc35458x"
"246","cmseei5qt001h04kvqs2rsq45","Peri Peri French Fries ","Bal Udyan Restaurant (bal-udyan-restaurant)","Fast Food & Restaurant Kitchen","restaurant-food","100","100","0","","999","ACTIVE (VISIBLE)","starter, restaurant, bal-udyan-restaurant, bal-udyan","cmsbhxb6a000304if8kf1cwji","cmt59fuss0000tgidoc35458x"
"247","cmt7nbfq8000304jr16x21hpi","Peri Peri Pasta","Bal Udyan Restaurant (bal-udyan-restaurant)","Fast Food & Restaurant Kitchen","restaurant-food","200","200","0","Serving","999","ACTIVE (VISIBLE)","chinese-soups, chinese, noodles, manchurian, chilli-paneer, spring-rolls, soup, pasta, veg, restaurant, restaurant","cmsbhxb6a000304if8kf1cwji","cmt59fuss0000tgidoc35458x"
"248","cmt7p5aqi000404jolonr62z3","Pineapple Shake","Bal Udyan Restaurant (bal-udyan-restaurant)","Fast Food & Restaurant Kitchen","restaurant-food","90","90","0","1 Serving","999","ACTIVE (VISIBLE)","shake, shake, veg, restaurant, restaurant","cmsbhxb6a000304if8kf1cwji","cmt59fuss0000tgidoc35458x"
"249","cmt7naqvz000204jrm2t490i7","Pink Sauce Pasta","Bal Udyan Restaurant (bal-udyan-restaurant)","Fast Food & Restaurant Kitchen","restaurant-food","189","189","0","Serving","999","ACTIVE (VISIBLE)","pasta, pasta, veg, restaurant, restaurant","cmsbhxb6a000304if8kf1cwji","cmt59fuss0000tgidoc35458x"
"250","cmt7erer9000004jsol0lcogo","Plain Dosa","Bal Udyan Restaurant (bal-udyan-restaurant)","Fast Food & Restaurant Kitchen","restaurant-food","80","80","0","1 Serving","999","ACTIVE (VISIBLE)","south-indian, south-indian, veg, restaurant, restaurant","cmsbhxb6a000304if8kf1cwji","cmt59fuss0000tgidoc35458x"
"251","cmse84uag000004jpga7x2psr","Plain Naan ","Bal Udyan Restaurant (bal-udyan-restaurant)","Fast Food & Restaurant Kitchen","restaurant-food","25","25","0","","999","ACTIVE (VISIBLE)","roti-naan-kulcha, restaurant, bal-udyan-restaurant, bal-udyan","cmsbhxb6a000304if8kf1cwji","cmt59fuss0000tgidoc35458x"
"252","cmsdlj1dp000604l2cap28x6u","Poha","Bal Udyan Restaurant (bal-udyan-restaurant)","Fast Food & Restaurant Kitchen","restaurant-food","80","80","0","","999","ACTIVE (VISIBLE)","breakfast, paratha, poori, chole-bhature, nashta, poha, veg, restaurant, bal-udyan-restaurant, bal-udyan","cmsbhxb6a000304if8kf1cwji","cmt59fuss0000tgidoc35458x"
"253","cmsed29f7000104jp0gusilkk","Potato Cheese Ball","Bal Udyan Restaurant (bal-udyan-restaurant)","Fast Food & Restaurant Kitchen","restaurant-food","130","130","0","","999","ACTIVE (VISIBLE)","starter, restaurant, bal-udyan-restaurant, bal-udyan","cmsbhxb6a000304if8kf1cwji","cmt59fuss0000tgidoc35458x"
"254","cmse8suxo000a04layqk56o1a","Puri","Bal Udyan Restaurant (bal-udyan-restaurant)","Fast Food & Restaurant Kitchen","restaurant-food","10","10","0","","999","ACTIVE (VISIBLE)","roti-naan-kulcha, restaurant, bal-udyan-restaurant, bal-udyan","cmsbhxb6a000304if8kf1cwji","cmt59fuss0000tgidoc35458x"
"255","cmsdlbvdu000104la2hhqk2i8","Puri bhaji","Bal Udyan Restaurant (bal-udyan-restaurant)","Fast Food & Restaurant Kitchen","restaurant-food","80","80","0","","999","ACTIVE (VISIBLE)","breakfast, restaurant, bal-udyan-restaurant, bal-udyan","cmsbhxb6a000304if8kf1cwji","cmt59fuss0000tgidoc35458x"
"256","cmt7fbh1o000004kykjjj4j4s","Rava Masala Dosa","Bal Udyan Restaurant (bal-udyan-restaurant)","Fast Food & Restaurant Kitchen","restaurant-food","90","90","0","1 Serving","999","ACTIVE (VISIBLE)","south-indian, south-indian, veg, restaurant, restaurant","cmsbhxb6a000304if8kf1cwji","cmt59fuss0000tgidoc35458x"
"257","cmt7n90zj000004jrocvsyykj","Red Sauce Pasta","Bal Udyan Restaurant (bal-udyan-restaurant)","Fast Food & Restaurant Kitchen","restaurant-food","170","170","0","1 Serving","999","ACTIVE (VISIBLE)","pasta, pasta, veg, restaurant, restaurant","cmsbhxb6a000304if8kf1cwji","cmt59fuss0000tgidoc35458x"
"258","cmsdmqqz0000304le69scj6e1","Shahi Paneer ","Bal Udyan Restaurant (bal-udyan-restaurant)","Fast Food & Restaurant Kitchen","restaurant-food","199","199","0","","999","ACTIVE (VISIBLE)","main-course, restaurant, bal-udyan-restaurant, bal-udyan","cmsbhxb6a000304if8kf1cwji","cmt59fuss0000tgidoc35458x"
"259","cmsdn3ch0000004jianhyshvo","Soya chaap masala ","Bal Udyan Restaurant (bal-udyan-restaurant)","Fast Food & Restaurant Kitchen","restaurant-food","210","210","0","","998","ACTIVE (VISIBLE)","main-course, restaurant, bal-udyan-restaurant, bal-udyan","cmsbhxb6a000304if8kf1cwji","cmt59fuss0000tgidoc35458x"
"260","cmsee4zo5001d04kvsuxuhr3d","Soya Malai Chaap","Bal Udyan Restaurant (bal-udyan-restaurant)","Fast Food & Restaurant Kitchen","restaurant-food","199","199","0","","999","ACTIVE (VISIBLE)","starter, restaurant, bal-udyan-restaurant, bal-udyan","cmsbhxb6a000304if8kf1cwji","cmt59fuss0000tgidoc35458x"
"261","cmsec7gub000704jvoad020fn","Spanich Corn Roll","Bal Udyan Restaurant (bal-udyan-restaurant)","Fast Food & Restaurant Kitchen","restaurant-food","140","140","0","","999","ACTIVE (VISIBLE)","starter, restaurant, bal-udyan-restaurant, bal-udyan","cmsbhxb6a000304if8kf1cwji","cmt59fuss0000tgidoc35458x"
"262","cmt7p342o000204joxuzqsmrm","Strawberry Shake","Bal Udyan Restaurant (bal-udyan-restaurant)","Fast Food & Restaurant Kitchen","restaurant-food","99","99","0","1 Serving","999","ACTIVE (VISIBLE)","shake, shake, veg, restaurant, restaurant","cmsbhxb6a000304if8kf1cwji","cmt59fuss0000tgidoc35458x"
"263","cmse8y26z000c04jwqcr7pq6m","Stuffed Kulcha ","Bal Udyan Restaurant (bal-udyan-restaurant)","Fast Food & Restaurant Kitchen","restaurant-food","50","50","0","","999","ACTIVE (VISIBLE)","roti-naan-kulcha, restaurant, bal-udyan-restaurant, bal-udyan","cmsbhxb6a000304if8kf1cwji","cmt59fuss0000tgidoc35458x"
"264","cmse8x5af000b04jwxbqv1mwl","Stuffed Naan","Bal Udyan Restaurant (bal-udyan-restaurant)","Fast Food & Restaurant Kitchen","restaurant-food","50","50","0","","999","ACTIVE (VISIBLE)","roti-naan-kulcha, restaurant, bal-udyan-restaurant, bal-udyan","cmsbhxb6a000304if8kf1cwji","cmt59fuss0000tgidoc35458x"
"265","cmsecc5iv000304kvwmwi9neg","Sweet Corn Masala ","Bal Udyan Restaurant (bal-udyan-restaurant)","Fast Food & Restaurant Kitchen","restaurant-food","99","99","0","","999","ACTIVE (VISIBLE)","starter, restaurant, bal-udyan-restaurant, bal-udyan","cmsbhxb6a000304if8kf1cwji","cmt59fuss0000tgidoc35458x"
"266","cmse62i04000604lgwozys7m8","Tandoori Butter Roti ","Bal Udyan Restaurant (bal-udyan-restaurant)","Fast Food & Restaurant Kitchen","restaurant-food","15","15","0","","999","ACTIVE (VISIBLE)","roti-naan-kulcha, restaurant, bal-udyan-restaurant, bal-udyan","cmsbhxb6a000304if8kf1cwji","cmt59fuss0000tgidoc35458x"
"267","cmse61b1w000204lgplv5l8yx","Tandoori Plain Roti","Bal Udyan Restaurant (bal-udyan-restaurant)","Fast Food & Restaurant Kitchen","restaurant-food","10","10","0","","999","ACTIVE (VISIBLE)","roti-naan-kulcha, restaurant, bal-udyan-restaurant, bal-udyan","cmsbhxb6a000304if8kf1cwji","cmt59fuss0000tgidoc35458x"
"268","cmt7p9r2u000604joylotvzs5","Vanilla Shake","Bal Udyan Restaurant (bal-udyan-restaurant)","Fast Food & Restaurant Kitchen","restaurant-food","90","90","0","1 Serving","999","ACTIVE (VISIBLE)","shake, shake, veg, restaurant, restaurant","cmsbhxb6a000304if8kf1cwji","cmt59fuss0000tgidoc35458x"
"269","cmsedikrk000504l4sc97uyq2","Veg Manchurian ","Bal Udyan Restaurant (bal-udyan-restaurant)","Fast Food & Restaurant Kitchen","restaurant-food","165","165","0","","999","ACTIVE (VISIBLE)","starter, restaurant, bal-udyan-restaurant, bal-udyan","cmsbhxb6a000304if8kf1cwji","cmt59fuss0000tgidoc35458x"
"270","cmt7mqjrb000004jog9vcwov4","Veg Sandwich","Bal Udyan Restaurant (bal-udyan-restaurant)","Fast Food & Restaurant Kitchen","restaurant-food","99","99","0","1 Serving","999","ACTIVE (VISIBLE)","sandwich, sandwich, veg, restaurant, restaurant","cmsbhxb6a000304if8kf1cwji","cmt59fuss0000tgidoc35458x"
"271","cmsec1i6w000104jva5v94zlt","Vegetable Spring Rolls","Bal Udyan Restaurant (bal-udyan-restaurant)","Fast Food & Restaurant Kitchen","restaurant-food","110","110","0","","999","ACTIVE (VISIBLE)","starter, restaurant, bal-udyan-restaurant, bal-udyan","cmsbhxb6a000304if8kf1cwji","cmt59fuss0000tgidoc35458x"
"272","cmt7oroow000004l7yv0tm77j","Virgin Mojito","Bal Udyan Restaurant (bal-udyan-restaurant)","Fast Food & Restaurant Kitchen","restaurant-food","99","99","0","1 Serving","999","ACTIVE (VISIBLE)","mocktailmojito, mocktailmojito, veg, restaurant, restaurant","cmsbhxb6a000304if8kf1cwji","cmt59fuss0000tgidoc35458x"
"273","cmt7n9ttm000104jrusizd8ri","White Sauce Pasta","Bal Udyan Restaurant (bal-udyan-restaurant)","Fast Food & Restaurant Kitchen","restaurant-food","180","180","0","1 Serving","999","ACTIVE (VISIBLE)","pasta, pasta, veg, restaurant, restaurant","cmsbhxb6a000304if8kf1cwji","cmt59fuss0000tgidoc35458x"
"274","cmrubmwbl000304laafxtiuwq","American cup","Grocery Store (FastKirana Dark Store)","Ice Cream & Desserts","ice-cream","29","30","3","1 Serving","99999","ACTIVE (VISIBLE)","ice-cream, desserts, kulfi, cones, grocery","","cmqgzqfv70007vkider7h6e4j"
"275","cmqhfj4wg000004i9xdzx7pm6","Badam Pista","Grocery Store (FastKirana Dark Store)","Ice Cream & Desserts","ice-cream","49","50","2","110 ml","99999","HIDDEN (OFF)","ice-cream, desserts, kulfi, cones, grocery","","cmqgzqfv70007vkider7h6e4j"
"276","cmr11i5l2000204jppwayex91","Belgium Cone","Grocery Store (FastKirana Dark Store)","Ice Cream & Desserts","ice-cream","49","50","2","110 ml","0","HIDDEN (OFF)","ice-cream, desserts, kulfi, cones, grocery","","cmqgzqfv70007vkider7h6e4j"
"277","cmqhg6i2s000004l5rre98dd1","Butterscotch","Grocery Store (FastKirana Dark Store)","Ice Cream & Desserts","ice-cream","124","125","1","700 ml","99998","HIDDEN (OFF)","ice-cream, desserts, kulfi, cones, grocery","","cmqgzqfv70007vkider7h6e4j"
"278","cmsfrg5b5000e04l1yyvl0o33","Butterscotch Cone","Grocery Store (FastKirana Dark Store)","Ice Cream & Desserts","ice-cream","20","20","0","1 Serving","42","ACTIVE (VISIBLE)","ice-cream, desserts, kulfi, cones, grocery","","cmqgzqfv70007vkider7h6e4j"
"279","cmqhg1ons000104l4fz9uv424","Casata","Grocery Store (FastKirana Dark Store)","Ice Cream & Desserts","ice-cream","49","50","2","Qty 1","0","HIDDEN (OFF)","ice-cream, desserts, kulfi, cones, grocery","","cmqgzqfv70007vkider7h6e4j"
"280","cmqvux86n000404icvt0duoax","Chappan Bhog","Grocery Store (FastKirana Dark Store)","Ice Cream & Desserts","ice-cream","149","160","7","700 ml","0","HIDDEN (OFF)","ice-cream, desserts, kulfi, cones, grocery","","cmqgzqfv70007vkider7h6e4j"
"281","cmqvuusry000204ic8kxg6tb7","Choclate","Grocery Store (FastKirana Dark Store)","Ice Cream & Desserts","ice-cream","149","160","7","700 ml","99999","ACTIVE (VISIBLE)","ice-cream, desserts, kulfi, cones, grocery","","cmqgzqfv70007vkider7h6e4j"
"282","cmqhfy8vg000004jji9091jk7","Choco Brownie Sundae","Grocery Store (FastKirana Dark Store)","Ice Cream & Desserts","ice-cream","49","50","2","Qty 1","99995","ACTIVE (VISIBLE)","ice-cream, grocery","","cmqgzqfv70007vkider7h6e4j"
"283","cmr11hgh0000104jpgkcfbgk0","Choco Surprise","Grocery Store (FastKirana Dark Store)","Ice Cream & Desserts","ice-cream","40","40","0","1 Serving","99999","ACTIVE (VISIBLE)","ice-cream, desserts, kulfi, cones, grocery","","cmqgzqfv70007vkider7h6e4j"
"284","cmqhfd92t000204kz2rasvwig","Chocolate  Cone","Grocery Store (FastKirana Dark Store)","Ice Cream & Desserts","ice-cream","35","35","0","1 Serving","1998","ACTIVE (VISIBLE)","desserts, desserts, ice-cream, ice cream, kulfi, dessert, sweet, veg","","cmqgzqfv70007vkider7h6e4j"
"285","cmqvta0yb000104ic3hvrzjni","Kruchy Twist","Grocery Store (FastKirana Dark Store)","Ice Cream & Desserts","ice-cream","29","30","3","1 Serving","99995","ACTIVE (VISIBLE)","ice-cream, desserts, kulfi, cones, grocery","","cmqgzqfv70007vkider7h6e4j"
"286","cmqhfxac2000204l4ncrzkkq4","Matka Kulfi","Grocery Store (FastKirana Dark Store)","Ice Cream & Desserts","ice-cream","59","60","2","Qty 1","99996","ACTIVE (VISIBLE)","ice-cream, desserts, kulfi, cones, grocery","","cmqgzqfv70007vkider7h6e4j"
"287","cmqhfu37r000004l4u8tx2von","MaxYum Almond","Grocery Store (FastKirana Dark Store)","Ice Cream & Desserts","ice-cream","49","50","2","Qty 1","99999","ACTIVE (VISIBLE)","ice-cream, desserts, kulfi, cones, grocery","","cmqgzqfv70007vkider7h6e4j"
"288","cmqhfr6fb000004l5gs8c9bsg","Red Velvet","Grocery Store (FastKirana Dark Store)","Ice Cream & Desserts","ice-cream","29","30","3","Qty 1","99999","ACTIVE (VISIBLE)","ice-cream, desserts, kulfi, cones, grocery","","cmqgzqfv70007vkider7h6e4j"
"289","cmqhfvjgq000104l4jzjyxrur","Shahi Mewa Kulfi","Grocery Store (FastKirana Dark Store)","Ice Cream & Desserts","ice-cream","29","30","3","Qty 1","99996","ACTIVE (VISIBLE)","ice-cream, desserts, kulfi, cones, grocery","","cmqgzqfv70007vkider7h6e4j"
"290","cmqhg9l74000004i9nnt8lhxb","Shahi Tukda","Grocery Store (FastKirana Dark Store)","Ice Cream & Desserts","ice-cream","97","99","2","250 ml","0","HIDDEN (OFF)","ice-cream, desserts, kulfi, cones, grocery","","cmqgzqfv70007vkider7h6e4j"
"291","cmqhg55jp000304l47x2ncvoz","Strawberry","Grocery Store (FastKirana Dark Store)","Ice Cream & Desserts","ice-cream","124","125","1","700 ml","99999","HIDDEN (OFF)","ice-cream, desserts, kulfi, cones, grocery","","cmqgzqfv70007vkider7h6e4j"
"292","cmqhfzomx000004l4urg5mgm7","Strawberry Sundae","Grocery Store (FastKirana Dark Store)","Ice Cream & Desserts","ice-cream","39","40","3","Qty 1","0","ACTIVE (VISIBLE)","ice-cream, desserts, kulfi, cones, grocery","","cmqgzqfv70007vkider7h6e4j"
"293","cmqhfyxnn000104jjkijr9vrp","Super Duper Sundae","Grocery Store (FastKirana Dark Store)","Ice Cream & Desserts","ice-cream","39","40","2","Qty 1","0","ACTIVE (VISIBLE)","ice-cream, desserts, kulfi, cones, grocery","","cmqgzqfv70007vkider7h6e4j"
"294","cmqhg0k8u000004l4kdo9ugla","Trixy Brownie","Grocery Store (FastKirana Dark Store)","Ice Cream & Desserts","ice-cream","29","30","3","Qty 1","0","HIDDEN (OFF)","ice-cream, desserts, kulfi, cones, grocery","","cmqgzqfv70007vkider7h6e4j"
"295","cmqhg5x4m000404l40ial07dy","Tuti Frutti","Grocery Store (FastKirana Dark Store)","Ice Cream & Desserts","ice-cream","172","175","2","700 ml","99998","HIDDEN (OFF)","ice-cream, desserts, kulfi, cones, grocery","","cmqgzqfv70007vkider7h6e4j"
"296","cmqhg46kk000204l4en3571ef","Vanilla","Grocery Store (FastKirana Dark Store)","Ice Cream & Desserts","ice-cream","99","100","1","700 ml","99999","HIDDEN (OFF)","ice-cream, desserts, kulfi, cones, grocery","","cmqgzqfv70007vkider7h6e4j"
"297","cmrubrdye000004jrq5gxgmkp","Vanilla cup","Grocery Store (FastKirana Dark Store)","Ice Cream & Desserts","ice-cream","19","20","5","1 Serving","99997","ACTIVE (VISIBLE)","ice-cream, desserts, kulfi, cones, grocery","","cmqgzqfv70007vkider7h6e4j"
"298","cmqhzcr2l000004icn0x4ex75","Vanilla Dream","Grocery Store (FastKirana Dark Store)","Ice Cream & Desserts","ice-cream","85","85","0","300 ml","999","ACTIVE (VISIBLE)","cold-coffee, cold-coffee, cold coffee, iced coffee, iced-coffee, coldcoffee, shake, shakes, veg","","cmqgzqfv70007vkider7h6e4j"
"299","cmqhfpzwg000104kzm5mvvtfb","Waaah Aam","Grocery Store (FastKirana Dark Store)","Ice Cream & Desserts","ice-cream","29","30","3","Qty 1","15","ACTIVE (VISIBLE)","ice-cream, desserts, kulfi, cones, grocery","","cmqgzqfv70007vkider7h6e4j"
"300","cmqheox3i000504kz4kdyx8cs","Campa","Grocery Store (FastKirana Dark Store)","Beverages & Drinks","beverages","20","20","0","500 ml","999","ACTIVE (VISIBLE)","beverages, chilled, drinks, soft-drink, grocery","","cmqgzqfz20008vkidoycqg5u2"
"301","cmqhem3yg000304kza2tpu1ba","Dew","Grocery Store (FastKirana Dark Store)","Beverages & Drinks","beverages","20","20","0","400 ml","998","ACTIVE (VISIBLE)","beverages, chilled, drinks, soft-drink, grocery","","cmqgzqfz20008vkidoycqg5u2"
"302","cmqhe6s0o000004kzr37pdot9","Diet Coke","Grocery Store (FastKirana Dark Store)","Beverages & Drinks","beverages","29","30","3","1 Can","0","ACTIVE (VISIBLE)","beverages, chilled, drinks, soft-drink, grocery","","cmqgzqfz20008vkidoycqg5u2"
"303","cmqhe7hqy000104kzdhz09g0l","Energy Campa","Grocery Store (FastKirana Dark Store)","Beverages & Drinks","beverages","29","30","3","1 Can","99999","ACTIVE (VISIBLE)","beverages, chilled, drinks, soft-drink, grocery","","cmqgzqfz20008vkidoycqg5u2"
"304","cmqhe8e1i000204kzn7a5rs4n","Hell","Grocery Store (FastKirana Dark Store)","Beverages & Drinks","beverages","58","60","3","1 Can","999","ACTIVE (VISIBLE)","beverages, chilled, drinks, soft-drink, grocery","","cmqgzqfz20008vkidoycqg5u2"
"305","cmqheu2kc000004kzr9v5aq82","Maaza","Grocery Store (FastKirana Dark Store)","Beverages & Drinks","beverages","49","50","2","1 L","999","ACTIVE (VISIBLE)","beverages, chilled, drinks, soft-drink, grocery","","cmqgzqfz20008vkidoycqg5u2"
"306","cmqheze1i000004kzr09pr2dn","Mineral Water","Grocery Store (FastKirana Dark Store)","Beverages & Drinks","beverages","18","20","10","1 L","999","ACTIVE (VISIBLE)","beverages, chilled, drinks, soft-drink, grocery","","cmqgzqfz20008vkidoycqg5u2"
"307","cmqhemxbd000404kzqufrnq4r","Pepsi ","Grocery Store (FastKirana Dark Store)","Beverages & Drinks","beverages","20","20","0","400 ml","997","ACTIVE (VISIBLE)","beverages, chilled, drinks, soft-drink, grocery","","cmqgzqfz20008vkidoycqg5u2"
"308","cmqtenvc8000104lbqimtdi3k","Real Activ Coconut Water","Grocery Store (FastKirana Dark Store)","Beverages & Drinks","beverages","114","178","36","1 litre","2","ACTIVE (VISIBLE)","beverages, chilled, drinks, soft-drink, grocery","","cmqgzqfz20008vkidoycqg5u2"
"309","cmqtevf5f000005jogeuk28q5","Real Fruit Power Masala Mixed Fruit","Grocery Store (FastKirana Dark Store)","Beverages & Drinks","beverages","119","150","21","1 litre","999","ACTIVE (VISIBLE)","beverages, chilled, drinks, soft-drink, grocery","","cmqgzqfz20008vkidoycqg5u2"
"310","cmrjn0rdo000104jlx8mdm34e","Red Bull","Grocery Store (FastKirana Dark Store)","Beverages & Drinks","beverages","119","125","5","250 ml","999","ACTIVE (VISIBLE)","beverages, chilled, drinks, soft-drink, grocery","","cmqgzqfz20008vkidoycqg5u2"
"311","cmqhehn8z000004jsfdy91wjy","Sprite","Grocery Store (FastKirana Dark Store)","Beverages & Drinks","beverages","20","20","0","250 ml","999","ACTIVE (VISIBLE)","beverages, chilled, drinks, soft-drink, grocery","","cmqgzqfz20008vkidoycqg5u2"
"312","cmqhejcye000004kz09h2u7bt","Thumsup","Grocery Store (FastKirana Dark Store)","Beverages & Drinks","beverages","49","50","2","1 L","998","ACTIVE (VISIBLE)","beverages, chilled, drinks, soft-drink, grocery","","cmqgzqfz20008vkidoycqg5u2"
"313","cmqkyciyn000004iomgn3dk0h","Arbi (Ghuiya)","Grocery Store (FastKirana Dark Store)","Fruits & Vegetables","fruits-vegetables","35","40","13","","98","ACTIVE (VISIBLE)","","","cmqh1haw30000zcid4vj7i1yj"
"314","cmqijdhjm000004l1zaxjnje6","Banana","Grocery Store (FastKirana Dark Store)","Fruits & Vegetables","fruits-vegetables","70","80","13","1 Dozen","29","ACTIVE (VISIBLE)","fresh, fruits, vegetables, breakfast","","cmqh1haw30000zcid4vj7i1yj"
"315","cmqkw9dai000004k12ylwet53","Bhindi","Grocery Store (FastKirana Dark Store)","Fruits & Vegetables","fruits-vegetables","25","30","17","","95","ACTIVE (VISIBLE)","","","cmqh1haw30000zcid4vj7i1yj"
"316","cmqktomuu000004l2z5d49u8r","Bottle guard ( Lauki)","Grocery Store (FastKirana Dark Store)","Fruits & Vegetables","fruits-vegetables","15","20","25","","90","ACTIVE (VISIBLE)","","","cmqh1haw30000zcid4vj7i1yj"
"317","cmqku03pl000004l2zfpre4or","Cabbage  (Bandha)","Grocery Store (FastKirana Dark Store)","Fruits & Vegetables","fruits-vegetables","45","50","10","1 pcs","48","ACTIVE (VISIBLE)","","","cmqh1haw30000zcid4vj7i1yj"
"318","cmqkv8bo1000004l5xv73vhgc","Capsicum (Shimla)","Grocery Store (FastKirana Dark Store)","Fruits & Vegetables","fruits-vegetables","35","40","13","","97","ACTIVE (VISIBLE)","","","cmqh1haw30000zcid4vj7i1yj"
"319","cmqkvhik6000004l5gb0d05y1","Carrot ( Gajar)","Grocery Store (FastKirana Dark Store)","Fruits & Vegetables","fruits-vegetables","35","40","13","","98","ACTIVE (VISIBLE)","","","cmqh1haw30000zcid4vj7i1yj"
"320","cmqky7val000104l8zcpiqth6","Cauliflower (Gobhi)","Grocery Store (FastKirana Dark Store)","Fruits & Vegetables","fruits-vegetables","70","80","13","1 pcs","0","ACTIVE (VISIBLE)","","","cmqh1haw30000zcid4vj7i1yj"
"321","cmqknhwh9000004i82podj2w7","Cucumber  (Kheera)","Grocery Store (FastKirana Dark Store)","Fruits & Vegetables","fruits-vegetables","70","80","13","1 pc","100","ACTIVE (VISIBLE)","","","cmqh1haw30000zcid4vj7i1yj"
"322","cmqj19zrs000004lb405f3g1n","Dragon Fruit ","Grocery Store (FastKirana Dark Store)","Fruits & Vegetables","fruits-vegetables","80","85","6","1 pc ","47","ACTIVE (VISIBLE)","fresh, fruits, vegetables","","cmqh1haw30000zcid4vj7i1yj"
"323","cmqij41kj000004l7zi217u83","Fresh Apples","Grocery Store (FastKirana Dark Store)","Fruits & Vegetables","fruits-vegetables","230","250","8","1 kg","37","ACTIVE (VISIBLE)","fresh, fruits, vegetables, breakfast","","cmqh1haw30000zcid4vj7i1yj"
"324","cmqkvkbn2000104l5tksmvbmy","Garlic (Lahsun)","Grocery Store (FastKirana Dark Store)","Fruits & Vegetables","fruits-vegetables","65","80","19","","30","ACTIVE (VISIBLE)","","","cmqh1haw30000zcid4vj7i1yj"
"325","cmqknppqv000004i8rog9jorb","Ginger (Adrak)","Grocery Store (FastKirana Dark Store)","Fruits & Vegetables","fruits-vegetables","50","60","17","1 pc","97","ACTIVE (VISIBLE)","","","cmqh1haw30000zcid4vj7i1yj"
"326","cmqj1djwx000104lbs9z4mcr9","Grapes(Angoor)","Grocery Store (FastKirana Dark Store)","Fruits & Vegetables","fruits-vegetables","160","165","3","1kg","47","ACTIVE (VISIBLE)","","","cmqh1haw30000zcid4vj7i1yj"
"327","cmqkwd383000004l1c9xtga57","Green Brinjal (Baigan)","Grocery Store (FastKirana Dark Store)","Fruits & Vegetables","fruits-vegetables","25","30","17","","96","ACTIVE (VISIBLE)","","","cmqh1haw30000zcid4vj7i1yj"
"328","cmqktjc3n000004ldxa279qoe","Green Chili (Hari Mirch)","Grocery Store (FastKirana Dark Store)","Fruits & Vegetables","fruits-vegetables","25","30","17","","96","ACTIVE (VISIBLE)","","","cmqh1haw30000zcid4vj7i1yj"
"329","cmqktxom8000004ibncjatoqx","Green Corriander (Hari Dhaniya)","Grocery Store (FastKirana Dark Store)","Fruits & Vegetables","fruits-vegetables","15","20","25","","137","ACTIVE (VISIBLE)","","","cmqh1haw30000zcid4vj7i1yj"
"330","cmsszxwzw000204ju8z4ltmp7","Kiwi","Grocery Store (FastKirana Dark Store)","Fruits & Vegetables","fruits-vegetables","110","120","8","4 piece","95","ACTIVE (VISIBLE)","fresh, produce","","cmqh1haw30000zcid4vj7i1yj"
"331","cmqkw3x24000004l1iaczr6wx","Lemon ( Nimboo)","Grocery Store (FastKirana Dark Store)","Fruits & Vegetables","fruits-vegetables","20","25","20","","137","ACTIVE (VISIBLE)","","","cmqh1haw30000zcid4vj7i1yj"
"332","cmqj0wlgv000004l73497qs1g","Mango(Dasehri Aam)","Grocery Store (FastKirana Dark Store)","Fruits & Vegetables","fruits-vegetables","59","65","9","1 kg","46","HIDDEN (OFF)","fresh, fruits, vegetables","","cmqh1haw30000zcid4vj7i1yj"
"333","cmqj0ojv4000004l2g2zys19f","Mango(Tota  Aam)","Grocery Store (FastKirana Dark Store)","Fruits & Vegetables","fruits-vegetables","50","55","9","1 kg","50","HIDDEN (OFF)","fresh, fruits, vegetables","","cmqh1haw30000zcid4vj7i1yj"
"334","cmqj0q4vb000104l2fcfjp2lh","Musambi ","Grocery Store (FastKirana Dark Store)","Fruits & Vegetables","fruits-vegetables","80","85","6","1 kg","49","ACTIVE (VISIBLE)","fresh, fruits, vegetables","","cmqh1haw30000zcid4vj7i1yj"
"335","cmqj10vnw000204l2uf9t6q4l","Nariyal Gari","Grocery Store (FastKirana Dark Store)","Fruits & Vegetables","fruits-vegetables","50","55","9","1 Pc","49","ACTIVE (VISIBLE)","fresh, fruits, vegetables","","cmqh1haw30000zcid4vj7i1yj"
"336","cmqj12r6i000004k0y7i9qq01","Nariyal Pani ","Grocery Store (FastKirana Dark Store)","Fruits & Vegetables","fruits-vegetables","89","99","10","1 pc","8","ACTIVE (VISIBLE)","fresh, fruits, vegetables","","cmqh1haw30000zcid4vj7i1yj"
"337","cmqkvcaz4000004l1nzolysqj","Onion ( Pyaaz)","Grocery Store (FastKirana Dark Store)","Fruits & Vegetables","fruits-vegetables","25","30","17","","14","ACTIVE (VISIBLE)","","","cmqh1haw30000zcid4vj7i1yj"
"338","cmqj05ijt000004kzbm9qxmoy","Orange ","Grocery Store (FastKirana Dark Store)","Fruits & Vegetables","fruits-vegetables","140","145","3","1 kg","49","ACTIVE (VISIBLE)","fresh, fruits, vegetables","","cmqh1haw30000zcid4vj7i1yj"
"339","cmqky6ixi000004l8cyukixz8","Parwal","Grocery Store (FastKirana Dark Store)","Fruits & Vegetables","fruits-vegetables","35","40","13","","155","ACTIVE (VISIBLE)","","","cmqh1haw30000zcid4vj7i1yj"
"340","cmqj1q790000004l1l1jxjv6i","Pineapple ( Ananas)","Grocery Store (FastKirana Dark Store)","Fruits & Vegetables","fruits-vegetables","80","85","6","1 pc","50","ACTIVE (VISIBLE)","fresh, fruits, vegetables","","cmqh1haw30000zcid4vj7i1yj"
"341","cmqizrvzf000004kyjzisnswi","Pomegranate(Anaar)","Grocery Store (FastKirana Dark Store)","Fruits & Vegetables","fruits-vegetables","149","160","7","1 kg","42","ACTIVE (VISIBLE)","fresh, fruits, vegetables","","cmqh1haw30000zcid4vj7i1yj"
"342","cmqkn5ukr000004i8qzte3gk6","Potato (Aalo)","Grocery Store (FastKirana Dark Store)","Fruits & Vegetables","fruits-vegetables","25","30","17","1 pc","92","ACTIVE (VISIBLE)","","","cmqh1haw30000zcid4vj7i1yj"
"343","cmqkts44z000004jldomcvr33","Pumpkin ( Kaddu)","Grocery Store (FastKirana Dark Store)","Fruits & Vegetables","fruits-vegetables","15","20","25","","94","ACTIVE (VISIBLE)","","","cmqh1haw30000zcid4vj7i1yj"
"344","cmqkwkgnz000004l8ljmh1hcb","Purple Brinjal ( Baigan)","Grocery Store (FastKirana Dark Store)","Fruits & Vegetables","fruits-vegetables","40","35","0","","100","ACTIVE (VISIBLE)","","","cmqh1haw30000zcid4vj7i1yj"
"345","cmqknc86a000004l14k1zhdmk","Tomato ( Tamatar)","Grocery Store (FastKirana Dark Store)","Fruits & Vegetables","fruits-vegetables","50","60","17","1 pc","92","ACTIVE (VISIBLE)","","","cmqh1haw30000zcid4vj7i1yj"
"346","cmqte4wuk000004jmx86hs0pz","Bikaji Bhelpuri","Grocery Store (FastKirana Dark Store)","Snacks & Munchies","snacks-munchies","48","50","4","110 g","9","ACTIVE (VISIBLE)","late-night","","cmqh1hb920002zcidoywpi240"
"347","cmqtfgjvb000004l2xaocex0u","Bikano Aloo Bhujia","Grocery Store (FastKirana Dark Store)","Snacks & Munchies","snacks-munchies","243","299","19","1 kg","0","ACTIVE (VISIBLE)","","","cmqh1hb920002zcidoywpi240"
"348","cmrelajg8000104l5fpbkpkzn","Bikano Diet Mixture Namkeen ","Grocery Store (FastKirana Dark Store)","Snacks & Munchies","snacks-munchies","199","225","12","1 kg","1","ACTIVE (VISIBLE)","","","cmqh1hb920002zcidoywpi240"
"349","cmqtf84xs000004l509yt28pd","Bikano Navratan Mixture","Grocery Store (FastKirana Dark Store)","Snacks & Munchies","snacks-munchies","225","285","21","1 kg","0","ACTIVE (VISIBLE)","","","cmqh1hb920002zcidoywpi240"
"350","cmrel7w6a000104l4z0cm589r","Bikano Tasty Spicy Coated Peanuts Namkeen","Grocery Store (FastKirana Dark Store)","Snacks & Munchies","snacks-munchies","279","299","7","1 kg","1","ACTIVE (VISIBLE)","","","cmqh1hb920002zcidoywpi240"
"351","cmsexlbo5000304jxtrf6b8vy","Bingo Mad Angles Achari Masti","Grocery Store (FastKirana Dark Store)","Snacks & Munchies","snacks-munchies","49","50","2","","0","ACTIVE (VISIBLE)","","","cmqh1hb920002zcidoywpi240"
"352","cmqtcj98g000004l2dqk7g7c9","Bingo Tedhe Medhe","Grocery Store (FastKirana Dark Store)","Snacks & Munchies","snacks-munchies","20","20","0","1 Packet","7","ACTIVE (VISIBLE)","late-night","","cmqh1hb920002zcidoywpi240"
"353","cmsf0c6mk000105gyjifczmhp","Britannia Bourbon","Grocery Store (FastKirana Dark Store)","Snacks & Munchies","snacks-munchies","40","40","0","","6","ACTIVE (VISIBLE)","","","cmqh1hb920002zcidoywpi240"
"354","cmsf296bq000104juk3ref4yl","Britannia Choco Chill Cake","Grocery Store (FastKirana Dark Store)","Snacks & Munchies","snacks-munchies","30","30","0","100 g","43","ACTIVE (VISIBLE)","snacks, snacks-munchies, cakes","","cmqh1hb920002zcidoywpi240"
"355","cmsf2agj5000204jut7vuss78","Britannia Fruity Fun Cake","Grocery Store (FastKirana Dark Store)","Snacks & Munchies","snacks-munchies","15","15","0","","59","ACTIVE (VISIBLE)","snacks, snacks-munchies, cakes","","cmqh1hb920002zcidoywpi240"
"356","cmseyabfq000104lapc1iwm5d","Britannia Good Day ","Grocery Store (FastKirana Dark Store)","Snacks & Munchies","snacks-munchies","40","40","0","248 g","12","ACTIVE (VISIBLE)","","","cmqh1hb920002zcidoywpi240"
"357","cmsezwfcu000204l3bkowjw65","Britannia Marie Gold","Grocery Store (FastKirana Dark Store)","Snacks & Munchies","snacks-munchies","40","40","0","","6","ACTIVE (VISIBLE)","","","cmqh1hb920002zcidoywpi240"
"358","cms33n48n000a04l4ceuermpo","Britannia Pure Magic Cookie","Grocery Store (FastKirana Dark Store)","Snacks & Munchies","snacks-munchies","159","170","6","22 cookies","0","ACTIVE (VISIBLE)","","","cmqh1hb920002zcidoywpi240"
"359","cms356tgf000o04jxeh99206q","Cadbury Mini Treats","Grocery Store (FastKirana Dark Store)","Snacks & Munchies","snacks-munchies","125","133","6","15 units","0","ACTIVE (VISIBLE)","","","cmqh1hb920002zcidoywpi240"
"360","cmsexp6ar000204jyjx9xwmo6","Chocos Multigrain","Grocery Store (FastKirana Dark Store)","Snacks & Munchies","snacks-munchies","75","75","0","127 g","2","ACTIVE (VISIBLE)","","","cmqh1hb920002zcidoywpi240"
"361","cmqhfoca3000004kzzeo89uce","Cookie Chips","Grocery Store (FastKirana Dark Store)","Snacks & Munchies","snacks-munchies","39","40","3","110 ml","0","HIDDEN (OFF)","ice-cream, desserts, kulfi, cones, grocery, snacks-munchies","","cmqh1hb920002zcidoywpi240"
"362","cmqteaon8000004l2mu6ehzy5","Haldiram Bhelpuri","Grocery Store (FastKirana Dark Store)","Snacks & Munchies","snacks-munchies","39","47","17","110 g","0","ACTIVE (VISIBLE)","late-night","","cmqh1hb920002zcidoywpi240"
"363","cmsg0yvp8000504ihk5abkn3d","Haldiram's All In One ","Grocery Store (FastKirana Dark Store)","Snacks & Munchies","snacks-munchies","60","60","0","","4","ACTIVE (VISIBLE)","Namkeen","","cmqh1hb920002zcidoywpi240"
"364","cmsg1w55s000104jipnu83cwo","Haldiram's Aloo Bhujia","Grocery Store (FastKirana Dark Store)","Snacks & Munchies","snacks-munchies","55","55","0","","5","ACTIVE (VISIBLE)","Namkeen","","cmqh1hb920002zcidoywpi240"
"365","cmsg0lq54000104l4m8d4wvio","Haldiram's Bhujia","Grocery Store (FastKirana Dark Store)","Snacks & Munchies","snacks-munchies","60","60","0","","6","ACTIVE (VISIBLE)","Namkeen","","cmqh1hb920002zcidoywpi240"
"366","cmsg28viv000a04ju82rybp9p","Haldiram's Boondi ","Grocery Store (FastKirana Dark Store)","Snacks & Munchies","snacks-munchies","55","55","0","200 g","1","ACTIVE (VISIBLE)","Namkeen","","cmqh1hb920002zcidoywpi240"
"367","cmsg06sig001i04jp5tz8m99r","Haldiram's CornFlakes Mixture ","Grocery Store (FastKirana Dark Store)","Snacks & Munchies","snacks-munchies","80","80","0","","6","ACTIVE (VISIBLE)","Namkeen","","cmqh1hb920002zcidoywpi240"
"368","cmsg1g553000p04i3e3k3qlrz","Haldiram's Kaju Mixture ","Grocery Store (FastKirana Dark Store)","Snacks & Munchies","snacks-munchies","100","100","0","","5","ACTIVE (VISIBLE)","Namkeen","","cmqh1hb920002zcidoywpi240"
"369","cmsg176lf000804i3kqt5sa4v","Haldiram's Kashmiri Mixture ","Grocery Store (FastKirana Dark Store)","Snacks & Munchies","snacks-munchies","90","90","0","","5","ACTIVE (VISIBLE)","Namkeen","","cmqh1hb920002zcidoywpi240"
"370","cmsg1kar7000704kw9vtoryry","Haldiram's Khatta Meetha","Grocery Store (FastKirana Dark Store)","Snacks & Munchies","snacks-munchies","50","50","0","","6","ACTIVE (VISIBLE)","Namkeen","","cmqh1hb920002zcidoywpi240"
"371","cmsg2a4iz000j04jurjo2da84","Haldiram's Masala Boondi","Grocery Store (FastKirana Dark Store)","Snacks & Munchies","snacks-munchies","55","55","0","200 g","2","ACTIVE (VISIBLE)","Namkeen","","cmqh1hb920002zcidoywpi240"
"372","cmsg0arig001l04jp9pyc2wnt","Haldiram's Moongfali Dal","Grocery Store (FastKirana Dark Store)","Snacks & Munchies","snacks-munchies","60","60","0","","5","ACTIVE (VISIBLE)","Namkeen","","cmqh1hb920002zcidoywpi240"
"373","cmsg0efv0000e04ldgfgakgpu","Haldiram's Navrattan","Grocery Store (FastKirana Dark Store)","Snacks & Munchies","snacks-munchies","50","50","0","","6","ACTIVE (VISIBLE)","Namkeen","","cmqh1hb920002zcidoywpi240"
"374","cmsg0ueyq000204ih9m2ie9na","Haldiram's Nut Cracker ","Grocery Store (FastKirana Dark Store)","Snacks & Munchies","snacks-munchies","55","55","0","","5","ACTIVE (VISIBLE)","Namkeen","","cmqh1hb920002zcidoywpi240"
"375","cmsg22p4t000604juo2cquglu","Haldiram's Nut Crusher","Grocery Store (FastKirana Dark Store)","Snacks & Munchies","snacks-munchies","65","65","0","200 g","3","ACTIVE (VISIBLE)","Namkeen","","cmqh1hb920002zcidoywpi240"
"376","cmsg0pstz001p04jpuc18hopt","Haldiram's Panchratan","Grocery Store (FastKirana Dark Store)","Snacks & Munchies","snacks-munchies","100","100","0","","6","ACTIVE (VISIBLE)","Namkeen","","cmqh1hb920002zcidoywpi240"
"377","cmsg1a35o001504ldwd7zmy9l","Haldiram's Shahi Dal Biji","Grocery Store (FastKirana Dark Store)","Snacks & Munchies","snacks-munchies","65","65","0","","6","ACTIVE (VISIBLE)","Namkeen","","cmqh1hb920002zcidoywpi240"
"378","cmseyjkwg000404lacwj6bqsj","Haldiram's Soan Papdi","Grocery Store (FastKirana Dark Store)","Snacks & Munchies","snacks-munchies","320","320","0","1 kg","6","ACTIVE (VISIBLE)","","","cmqh1hb920002zcidoywpi240"
"379","cmreofrw4000004jvy9ueeesm","Lotte Choco Pie","Grocery Store (FastKirana Dark Store)","Snacks & Munchies","snacks-munchies","159","180","12","336 g","1","ACTIVE (VISIBLE)","","","cmqh1hb920002zcidoywpi240"
"380","cmseypfxd000804laak2p1cgx","Namaste India Choclate Cookies","Grocery Store (FastKirana Dark Store)","Snacks & Munchies","snacks-munchies","40","40","0","6","4","ACTIVE (VISIBLE)","ice-cream, desserts, grocery, snacks-munchies","","cmqh1hb920002zcidoywpi240"
"381","cmqtcg3ut000004l2jt1qqpi6","Oreo Biscuits ( Jumbo Pack)","Grocery Store (FastKirana Dark Store)","Snacks & Munchies","snacks-munchies","119","144","17","5 packs ( 459.25 g)","2","ACTIVE (VISIBLE)","late-night","","cmqh1hb920002zcidoywpi240"
"382","cmrenhem8000104ky2atxvg3q","Parle Hide & Seek Biscuits ","Grocery Store (FastKirana Dark Store)","Snacks & Munchies","snacks-munchies","129","150","14","413 g","5","ACTIVE (VISIBLE)","","","cmqh1hb920002zcidoywpi240"
"383","cmrel1kxv000004l43n9jeozj","Parle-G Biscuits","Grocery Store (FastKirana Dark Store)","Snacks & Munchies","snacks-munchies","95","100","5","800 g","1","ACTIVE (VISIBLE)","","","cmqh1hb920002zcidoywpi240"
"384","cmsf1nwzv000204jr0nl66n7o","Seeds, Nuts & Berries","Grocery Store (FastKirana Dark Store)","Snacks & Munchies","snacks-munchies","349","349","0","","2","ACTIVE (VISIBLE)","","","cmqh1hb920002zcidoywpi240"
"385","cms34p5u2000404kzd3rohogw","Unibic Choco Chip Cookies","Grocery Store (FastKirana Dark Store)","Snacks & Munchies","snacks-munchies","179","200","11","5 packs","2","ACTIVE (VISIBLE)","","","cmqh1hb920002zcidoywpi240"
"386","cmrene9nf000104i81ffb8t61","Unibic Cookies ","Grocery Store (FastKirana Dark Store)","Snacks & Munchies","snacks-munchies","25","30","17","67.5 g","7","HIDDEN (OFF)","","","cmqh1hb920002zcidoywpi240"
"387","cms3552qc000g04jxztodgnz3","Yogabar 10 g Blueberry protein bar ","Grocery Store (FastKirana Dark Store)","Snacks & Munchies","snacks-munchies","49","100","51","3","0","ACTIVE (VISIBLE)","","","cmqh1hb920002zcidoywpi240"
"388","cmqtcp6lt000004ldrohmjs8l","Clean And Clear Foaming Facewash For Oily Skin","Grocery Store (FastKirana Dark Store)","Personal Care & Hygiene","personal-care","349","539","35","240 ml","1","ACTIVE (VISIBLE)","Facewash","","cmqh1hblj0003zcidm9gq5net"
"389","cmreitwuh000304jparp8hpp2","Closeup Toothpaste","Grocery Store (FastKirana Dark Store)","Personal Care & Hygiene","personal-care","229","260","12","150 g + 150 g (Mega Saver Pack)","0","ACTIVE (VISIBLE)","","","cmqh1hblj0003zcidm9gq5net"
"390","cmrej5cm3000104jpp36pvbzt","Colgate MaxFresh","Grocery Store (FastKirana Dark Store)","Personal Care & Hygiene","personal-care","249","280","11","Combo Pack (150 g + 150 g)","0","ACTIVE (VISIBLE)","","","cmqh1hblj0003zcidm9gq5net"
"391","cmrejbffl000104laz68dljsp","Colgate Strong Teeth Anticavity Toothpaste","Grocery Store (FastKirana Dark Store)","Personal Care & Hygiene","personal-care","279","310","10","Super Saver (200g + 200g + 100g)","1","ACTIVE (VISIBLE)","","","cmqh1hblj0003zcidm9gq5net"
"392","cmrejth5r000404l7md0h33f0","Dabur Red Gel Toothpaste ","Grocery Store (FastKirana Dark Store)","Personal Care & Hygiene","personal-care","249","270","8","300 g","1","ACTIVE (VISIBLE)","","","cmqh1hblj0003zcidm9gq5net"
"393","cmsgj5tmw000304jrzz16ro9p","Detol Soap (4 pc)","Grocery Store (FastKirana Dark Store)","Personal Care & Hygiene","personal-care","217","217","0","4 * 150 g","2","ACTIVE (VISIBLE)","","","cmqh1hblj0003zcidm9gq5net"
"394","cmsgj7mhy000404jrh5lrezub","Detol Soap (5 pc)","Grocery Store (FastKirana Dark Store)","Personal Care & Hygiene","personal-care","182","182","0","5*100 g","2","ACTIVE (VISIBLE)","","","cmqh1hblj0003zcidm9gq5net"
"395","cmqtd88q6000004jxfs2p9oyn","Himalaya Purifying Neem Face Wash | 200 ml","Grocery Store (FastKirana Dark Store)","Personal Care & Hygiene","personal-care","299","449","33","200ml","1","ACTIVE (VISIBLE)","Facewash","","cmqh1hblj0003zcidm9gq5net"
"396","cmqtdgjzr000004jxxla4r33g","Mamaearth Onion Shampoo for Hair Growth","Grocery Store (FastKirana Dark Store)","Personal Care & Hygiene","personal-care","445","599","26","400ml","1","ACTIVE (VISIBLE)","personal-care, skincare","","cmqh1hblj0003zcidm9gq5net"
"397","cmqtefl4h000004l5fb53jgae","Mamaearth Rice Dewy Bright Face","Grocery Store (FastKirana Dark Store)","Personal Care & Hygiene","personal-care","310","449","31","150 ml","1","ACTIVE (VISIBLE)","personal-care, skincare","","cmqh1hblj0003zcidm9gq5net"
"398","cmqtd1l5f000004l51hq0pqav","Nivea Men All In One Charcoal with Vitamin C","Grocery Store (FastKirana Dark Store)","Personal Care & Hygiene","personal-care","130","149","13","50gm","0","ACTIVE (VISIBLE)","Facewash","","cmqh1hblj0003zcidm9gq5net"
"399","cmqtfjedn000104l2em2hjv7o","NIVEA MEN Dark Spot Reduction Face Wash","Grocery Store (FastKirana Dark Store)","Personal Care & Hygiene","personal-care","125","129","3","50 gm","1","ACTIVE (VISIBLE)","","","cmqh1hblj0003zcidm9gq5net"
"400","cmqtdl8t0000004jms34soh6u","Pears Original Glycerin Soap Bar - Pure & Gentle Glow","Grocery Store (FastKirana Dark Store)","Personal Care & Hygiene","personal-care","310","379","18","5 soaps","1","ACTIVE (VISIBLE)","bathing-soap","","cmqh1hblj0003zcidm9gq5net"
"401","cmqtdwi2m000004jxox2csqny","Red Paste |Family Saver Pack","Grocery Store (FastKirana Dark Store)","Personal Care & Hygiene","personal-care","159","213","25","300gm","1","ACTIVE (VISIBLE)","","","cmqh1hblj0003zcidm9gq5net"
"402","cmqtekmtv000004lb46usaw8h","The Derma Co Sali-Cinamide Anti-Acne Face Wash","Grocery Store (FastKirana Dark Store)","Personal Care & Hygiene","personal-care","349","449","22","150 ml","0","ACTIVE (VISIBLE)","Facewash, popular","","cmqh1hblj0003zcidm9gq5net"
"403","cmqp3neih000004jsnv9lhefg","Black Forest Cake","Grocery Store (FastKirana Dark Store)","Bakery & Biscuits","bakery","230","250","8","","76","ACTIVE (VISIBLE)","bakery, cake, cakes","","cmqh1hbyc0005zcidr45bj1ac"
"404","cmqp38kbo000004lbx0wovsdf","Butterscotch Cake","Grocery Store (FastKirana Dark Store)","Bakery & Biscuits","bakery","230","250","8","","78","ACTIVE (VISIBLE)","bakery, cake, cakes","","cmqh1hbyc0005zcidr45bj1ac"
"405","cmqp3fsy0000004lbqhvbyj82","Chocolate Cake","Grocery Store (FastKirana Dark Store)","Bakery & Biscuits","bakery","230","250","8","","71","ACTIVE (VISIBLE)","bakery, cake, cakes","","cmqh1hbyc0005zcidr45bj1ac"
"406","cmqt9buj6000004kt1vzrwy9b","Dark Fantasy","Grocery Store (FastKirana Dark Store)","Bakery & Biscuits","bakery","159","170","6","20 packs","2","ACTIVE (VISIBLE)","bakery, biscuits, cookies, snacks, grocery","","cmqh1hbyc0005zcidr45bj1ac"
"407","cmsf03k45000c04lag0fw7330","Dark Fantasy Choco Fills","Grocery Store (FastKirana Dark Store)","Bakery & Biscuits","bakery","40","40","0","","8","ACTIVE (VISIBLE)","bakery, biscuits, cookies, snacks, grocery","","cmqh1hbyc0005zcidr45bj1ac"
"408","cms33io6f000504l47q8afxvh","Dark Fantasy Choco Rolls","Grocery Store (FastKirana Dark Store)","Bakery & Biscuits","bakery","169","200","16","20 Rolls","0","ACTIVE (VISIBLE)","bakery, biscuits, cookies, snacks, grocery","","cmqh1hbyc0005zcidr45bj1ac"
"409","cmqp3k9re000004l8mxlhk3mb","Pineapple Cake","Grocery Store (FastKirana Dark Store)","Bakery & Biscuits","bakery","230","250","8","","99999","ACTIVE (VISIBLE)","bakery, cake, cakes","","cmqh1hbyc0005zcidr45bj1ac"
"410","cmqtg5whp000004jsc03h7g3a","Sunfeast Dark Fantasy Choco Creme Dark Crunch Cookies","Grocery Store (FastKirana Dark Store)","Bakery & Biscuits","bakery","85","98","13","237 gm","0","ACTIVE (VISIBLE)","bakery, biscuits, cookies, snacks, grocery","","cmqh1hbyc0005zcidr45bj1ac"
"411","cmsgjtnfq000404l72j899uzc","All Out Combo (Machine+ Refill)","Grocery Store (FastKirana Dark Store)","Home Needs & Cleaning","home-needs-and-cleaning","105","105","0","","5","ACTIVE (VISIBLE)","","","cmrv2psby000004ldl25xjrlt"
"412","cmsgjnci7000104l7fv3c77zw","All Out Refill ","Grocery Store (FastKirana Dark Store)","Home Needs & Cleaning","home-needs-and-cleaning","85","85","0","","15","ACTIVE (VISIBLE)","","","cmrv2psby000004ldl25xjrlt"
"413","cmsgi55h0000104l7uddh1eup","Detol Handwash","Grocery Store (FastKirana Dark Store)","Home Needs & Cleaning","home-needs-and-cleaning","109","109","0","675 ml","2","ACTIVE (VISIBLE)","","","cmrv2psby000004ldl25xjrlt"
"414","cmrv2i6hq000704jv73hzzv5d","Emokleen Dishwash Liquid ","Grocery Store (FastKirana Dark Store)","Home Needs & Cleaning","home-needs-and-cleaning","51","89","43","","20","ACTIVE (VISIBLE)","Home Cleaning","","cmrv2psby000004ldl25xjrlt"
"415","cmrv1cceg000604ibzcik3st3","Emokleen Dishwash Liquid ","Grocery Store (FastKirana Dark Store)","Home Needs & Cleaning","home-needs-and-cleaning","51","89","43","","20","ACTIVE (VISIBLE)","Home Cleaning","","cmrv2psby000004ldl25xjrlt"
"416","cmrv0w73c000304lanq1ougrk","Emokleen Dishwash Tub","Grocery Store (FastKirana Dark Store)","Home Needs & Cleaning","home-needs-and-cleaning","50","60","17","400 gm","10","ACTIVE (VISIBLE)","Home Cleaning","","cmrv2psby000004ldl25xjrlt"
"417","cmrv25a2m000104l9taxwdqvl","Emokleen Floor Cleaner Lavender Fresh","Grocery Store (FastKirana Dark Store)","Home Needs & Cleaning","home-needs-and-cleaning","60","99","39","1 L","9","ACTIVE (VISIBLE)","Home Cleaning","","cmrv2psby000004ldl25xjrlt"
"418","cmrv16z41000204jlyt9j6oa1","Emokleen Glass Cleaner ","Grocery Store (FastKirana Dark Store)","Home Needs & Cleaning","home-needs-and-cleaning","53","70","24","","20","ACTIVE (VISIBLE)","Home Cleaning","","cmrv2psby000004ldl25xjrlt"
"419","cmrv1x8zu000604jtqkzmlp93","Emokleen Hand Gel","Grocery Store (FastKirana Dark Store)","Home Needs & Cleaning","home-needs-and-cleaning","66","89","26","","20","ACTIVE (VISIBLE)","Home Cleaning","","cmrv2psby000004ldl25xjrlt"
"420","cmrv2dlqu000204l8t315b344","Emokleen Toilet Cleaner ","Grocery Store (FastKirana Dark Store)","Home Needs & Cleaning","home-needs-and-cleaning","44","49","10","","17","ACTIVE (VISIBLE)","Home Cleaning","","cmrv2psby000004ldl25xjrlt"
"421","cmrv297zk000204l6d5tvi9bc","Floor Cleaner Rose Fresh","Grocery Store (FastKirana Dark Store)","Home Needs & Cleaning","home-needs-and-cleaning","68","99","31","1 L","10","ACTIVE (VISIBLE)","","","cmrv2psby000004ldl25xjrlt"
"422","cmsgjzacy000304l8sbl2mtj5","Good Night Combo (Machine+ Refill)","Grocery Store (FastKirana Dark Store)","Home Needs & Cleaning","home-needs-and-cleaning","105","105","0","","5","ACTIVE (VISIBLE)","","","cmrv2psby000004ldl25xjrlt"
"423","cmsgiejgn000304l7kgikvngl","Good Night Fast Card","Grocery Store (FastKirana Dark Store)","Home Needs & Cleaning","home-needs-and-cleaning","10","10","0","60","60","ACTIVE (VISIBLE)","","","cmrv2psby000004ldl25xjrlt"
"424","cmsgjptyn000304l77sm6iu92","Good Night Refill","Grocery Store (FastKirana Dark Store)","Home Needs & Cleaning","home-needs-and-cleaning","85","85","0","","15","ACTIVE (VISIBLE)","","","cmrv2psby000004ldl25xjrlt"
"425","cmsgk1bip000504l8vfuy8vfy","Mortein Combo  (Machine+ Refill)","Grocery Store (FastKirana Dark Store)","Home Needs & Cleaning","home-needs-and-cleaning","100","100","0","","5","ACTIVE (VISIBLE)","","","cmrv2psby000004ldl25xjrlt"
"426","cmsgikdan000104jtdg06y5n7","Odonil Set","Grocery Store (FastKirana Dark Store)","Home Needs & Cleaning","home-needs-and-cleaning","212","212","0","","2","ACTIVE (VISIBLE)","","","cmrv2psby000004ldl25xjrlt"
"427","cmsep9wtz000204k48kbtzwww","Amul Dark Chocolate ","Grocery Store (FastKirana Dark Store)","Chocolates & Sweets","chocolates","179","180","1","150 g","3","ACTIVE (VISIBLE)","chocolates, sweets","","cmseowmy7000004i562szts34"
"428","cmsephfz9000h04l8oy33s94b","Amul Dark Chocolate ","Grocery Store (FastKirana Dark Store)","Chocolates & Sweets","chocolates","45","45","0","35 g","7","ACTIVE (VISIBLE)","chocolates, sweets","","cmseowmy7000004i562szts34"
"429","cmsfs7ikc000404jrbhtlgwmm","Cadbury Celebrations","Grocery Store (FastKirana Dark Store)","Chocolates & Sweets","chocolates","160","160","0","153 g","2","ACTIVE (VISIBLE)","","","cmseowmy7000004i562szts34"
"430","cmsfsbyng000504jpv21qhtcj","Cadbury Celebrations ","Grocery Store (FastKirana Dark Store)","Chocolates & Sweets","chocolates","50","50","0","55 g","3","ACTIVE (VISIBLE)","","","cmseowmy7000004i562szts34"
"431","cmsfs4xqd000104jroyxyp16n","Cadbury Celebrations ","Grocery Store (FastKirana Dark Store)","Chocolates & Sweets","chocolates","110","110","0","110 g","4","ACTIVE (VISIBLE)","","","cmseowmy7000004i562szts34"
"432","cmsepnhwh000k04l80entfbof","Cadbury Crespelo","Grocery Store (FastKirana Dark Store)","Chocolates & Sweets","chocolates","20","20","0","20 g","9","ACTIVE (VISIBLE)","","","cmseowmy7000004i562szts34"
"433","cmsept0ks000p04l8urkysntd","Cadbury Fuse","Grocery Store (FastKirana Dark Store)","Chocolates & Sweets","chocolates","45","45","0","43 g","14","ACTIVE (VISIBLE)","","","cmseowmy7000004i562szts34"
"434","cmt01o7a0000104k00cc7emu4","Choclate Peanut Butter ","Grocery Store (FastKirana Dark Store)","Chocolates & Sweets","chocolates","159","159","0","227 g","0","ACTIVE (VISIBLE)","","","cmseowmy7000004i562szts34"
"435","cmt01v6n1000704l2gjrpr6qg","Chocolate Peanut Butter ","Grocery Store (FastKirana Dark Store)","Chocolates & Sweets","chocolates","319","319","0","510 g","2","ACTIVE (VISIBLE)","","","cmseowmy7000004i562szts34"
"436","cmsepzedu000k04l5lam5jyfg","Dairy Milk ","Grocery Store (FastKirana Dark Store)","Chocolates & Sweets","chocolates","20","20","0","20 g","21","ACTIVE (VISIBLE)","","","cmseowmy7000004i562szts34"
"437","cmseq9luh000204iamj8ennfd","Dairy Milk ","Grocery Store (FastKirana Dark Store)","Chocolates & Sweets","chocolates","45","45","0","45 g","15","ACTIVE (VISIBLE)","","","cmseowmy7000004i562szts34"
"438","cmseq6sch000r04l551ub154j","Dairy Milk ","Grocery Store (FastKirana Dark Store)","Chocolates & Sweets","chocolates","99","100","1","112 g","6","ACTIVE (VISIBLE)","","","cmseowmy7000004i562szts34"
"439","cmqum8wtq000604jsdv3omtl5","Dairy Milk Silk","Grocery Store (FastKirana Dark Store)","Chocolates & Sweets","chocolates","89","90","1","52 g","21","ACTIVE (VISIBLE)","","","cmseowmy7000004i562szts34"
"440","cmser0vna000504jr102sn4nb","Dairy Milk Silk ","Grocery Store (FastKirana Dark Store)","Chocolates & Sweets","chocolates","204","205","0","129 g","14","ACTIVE (VISIBLE)","","","cmseowmy7000004i562szts34"
"441","cmser9kro000e04l8ugadrg2g","Five Star Oreo","Grocery Store (FastKirana Dark Store)","Chocolates & Sweets","chocolates","45","45","0","42 g","15","ACTIVE (VISIBLE)","","","cmseowmy7000004i562szts34"
"442","cmseri48x000p04l4qvqclc76","KitKat ","Grocery Store (FastKirana Dark Store)","Chocolates & Sweets","chocolates","50","50","0","","14","ACTIVE (VISIBLE)","","","cmseowmy7000004i562szts34"
"443","cmserglqo000m04l4g1tvs0cs","KitKat Chocolate ","Grocery Store (FastKirana Dark Store)","Chocolates & Sweets","chocolates","30","30","0","","7","ACTIVE (VISIBLE)","chocolates, sweets","","cmseowmy7000004i562szts34"
"444","cmsert0x3000404jlps6gfj2o","Milky Bar","Grocery Store (FastKirana Dark Store)","Chocolates & Sweets","chocolates","40","40","0","","7","ACTIVE (VISIBLE)","","","cmseowmy7000004i562szts34"
"445","cmsezpx58000104jwaew9hi8q","Silk Cadbury  Celebration  ","Grocery Store (FastKirana Dark Store)","Chocolates & Sweets","chocolates","350","350","0","","3","ACTIVE (VISIBLE)","","","cmseowmy7000004i562szts34"
"446","cmqtcz0y0000004l261ha4iw4","Yogabar Protein Oats - Dark Chocolate ","Grocery Store (FastKirana Dark Store)","Chocolates & Sweets","chocolates","149","200","26","250 g","0","ACTIVE (VISIBLE)","chocolates, sweets","","cmseowmy7000004i562szts34"
"447","cmsf1ur92000704jrzlzobi17","Cornflour ","Grocery Store (FastKirana Dark Store)","Kitchen Needs","kitchen-needs","28","28","0","100 g","5","ACTIVE (VISIBLE)","","","cmsfuzs73000404l7q139nk61"
"448","cmsf1zq8w000004jot327m8r7","Custard ","Grocery Store (FastKirana Dark Store)","Kitchen Needs","kitchen-needs","35","35","0","100 g","6","ACTIVE (VISIBLE)","","","cmsfuzs73000404l7q139nk61"
"449","cmsfvyjaz000k04l17auev6dx","Everest Black Pepper ","Grocery Store (FastKirana Dark Store)","Kitchen Needs","kitchen-needs","92","92","0","50 g","9","ACTIVE (VISIBLE)","","","cmsfuzs73000404l7q139nk61"
"450","cmsfvgwpe000704l7acjqge0x","Everest Chicken Masala ","Grocery Store (FastKirana Dark Store)","Kitchen Needs","kitchen-needs","49","49","0","50 g","10","ACTIVE (VISIBLE)","","","cmsfuzs73000404l7q139nk61"
"451","cmsfvcxjv000504l7qa5atmoz","Everest Chole Masala ","Grocery Store (FastKirana Dark Store)","Kitchen Needs","kitchen-needs","46","46","0","50 g","10","ACTIVE (VISIBLE)","","","cmsfuzs73000404l7q139nk61"
"452","cmsfw01n2000l04l1yfq4rcj4","Everest Hing ","Grocery Store (FastKirana Dark Store)","Kitchen Needs","kitchen-needs","143","143","0","50 g","10","ACTIVE (VISIBLE)","","","cmsfuzs73000404l7q139nk61"
"453","cmsfvuvhm000g04l1oruqmana","Everest Kashmiri Lal Mirch","Grocery Store (FastKirana Dark Store)","Kitchen Needs","kitchen-needs","65","65","0","50 g","10","ACTIVE (VISIBLE)","","","cmsfuzs73000404l7q139nk61"
"454","cmsfvxho9000i04l1v3hfzqn2","Everest Kasuri Methi","Grocery Store (FastKirana Dark Store)","Kitchen Needs","kitchen-needs","30","30","0","25 g","10","ACTIVE (VISIBLE)","","","cmsfuzs73000404l7q139nk61"
"455","cmsfv2dpd000d04juvooci2m7","Everest Kitchen King ","Grocery Store (FastKirana Dark Store)","Kitchen Needs","kitchen-needs","48","48","0","50 g","9","ACTIVE (VISIBLE)","","","cmsfuzs73000404l7q139nk61"
"456","cmsfvqbgo000i04l76d7o9hgb","Everest Meat Masala ","Grocery Store (FastKirana Dark Store)","Kitchen Needs","kitchen-needs","49","49","0","50 g","10","ACTIVE (VISIBLE)","","","cmsfuzs73000404l7q139nk61"
"457","cmsfvotox000t04jvdhhrbm44","Everest Pav Bhaji Masala ","Grocery Store (FastKirana Dark Store)","Kitchen Needs","kitchen-needs","48","48","0","50 g","10","ACTIVE (VISIBLE)","","","cmsfuzs73000404l7q139nk61"
"458","cmsfvehlw000604l7jqvutk69","Everest Raita-Dahivada Masala","Grocery Store (FastKirana Dark Store)","Kitchen Needs","kitchen-needs","42","42","0","50 g","10","ACTIVE (VISIBLE)","","","cmsfuzs73000404l7q139nk61"
"459","cmsfvrlv2000a04l1fui0rn9x","Everest Sabji Masala ","Grocery Store (FastKirana Dark Store)","Kitchen Needs","kitchen-needs","39","39","0","50 g","9","ACTIVE (VISIBLE)","","","cmsfuzs73000404l7q139nk61"
"460","cmsfvaj3u000404l7abwnqks2","Everest Sambhar Masala ","Grocery Store (FastKirana Dark Store)","Kitchen Needs","kitchen-needs","46","46","0","50 g","8","ACTIVE (VISIBLE)","","","cmsfuzs73000404l7q139nk61"
"461","cmqtgauyi000104l5hl2u7t1a","Good Life Sugar 1 kg Pack","Grocery Store (FastKirana Dark Store)","Kitchen Needs","kitchen-needs","43","60","28","1 kg","0","ACTIVE (VISIBLE)","","","cmsfuzs73000404l7q139nk61"
"462","cmsggu65w000004l754u12zzw","Namaste India Desi Ghee","Grocery Store (FastKirana Dark Store)","Kitchen Needs","kitchen-needs","250","250","0","335 ml","2","ACTIVE (VISIBLE)","","","cmsfuzs73000404l7q139nk61"
"463","cmsf1r4pn000504jrfidjx7eb","Rex Baking Powder ","Grocery Store (FastKirana Dark Store)","Kitchen Needs","kitchen-needs","32","32","0","100 g","6","ACTIVE (VISIBLE)","","","cmsfuzs73000404l7q139nk61"
"464","cmt035jtw000c04l2nbagb2lm","Taaza Tea","Grocery Store (FastKirana Dark Store)","Kitchen Needs","kitchen-needs","55","55","0","250 g","2","ACTIVE (VISIBLE)","","","cmsfuzs73000404l7q139nk61"
"465","cmsfvnfn3000s04jvsxj2a9hv","Tandoori Chicken Masala ","Grocery Store (FastKirana Dark Store)","Kitchen Needs","kitchen-needs","52","52","0","50 g","10","ACTIVE (VISIBLE)","","","cmsfuzs73000404l7q139nk61"
"466","cmqtfuqxh000104jsyk7czg6j","ACT II Classic Salted Popcorn","Grocery Store (FastKirana Dark Store)","Packaged Foods","packaged-foods","60","72","17","165 gm","2","ACTIVE (VISIBLE)","","","cmt74ypjp000004laoi3athcy"
"467","cmqtfyr11000004i5u33qronp","ACT II Golden Sizzle Salted Popcorn","Grocery Store (FastKirana Dark Store)","Packaged Foods","packaged-foods","60","72","17","165 gm","2","ACTIVE (VISIBLE)","","","cmt74ypjp000004laoi3athcy"
"468","cmsf0pobj000004l28ebu25e1","Britannia Toast","Grocery Store (FastKirana Dark Store)","Packaged Foods","packaged-foods","50","50","0","","57","ACTIVE (VISIBLE)","","","cmt74ypjp000004laoi3athcy"
"469","cmqtdog5t000104jm15hzanv1","Ching's Manchurian Instant Noodles","Grocery Store (FastKirana Dark Store)","Packaged Foods","packaged-foods","69","80","14","256 g","1","ACTIVE (VISIBLE)","late-night","","cmt74ypjp000004laoi3athcy"
"470","cmsfxjwoc000504juwveefmoj","Dalia","Grocery Store (FastKirana Dark Store)","Packaged Foods","packaged-foods","45","45","0","500 g","4","ACTIVE (VISIBLE)","","","cmt74ypjp000004laoi3athcy"
"471","cmsgiul56000004jrzd9ppdut","Funfoods Pasta & Pizza Red Sauce","Grocery Store (FastKirana Dark Store)","Packaged Foods","packaged-foods","45","45","0","100 g","11","ACTIVE (VISIBLE)","","","cmt74ypjp000004laoi3athcy"
"472","cmsgisxr3000104kylbb8na15","Funfoods Veg Mayonnaise","Grocery Store (FastKirana Dark Store)","Packaged Foods","packaged-foods","49","49","0","","11","ACTIVE (VISIBLE)","","","cmt74ypjp000004laoi3athcy"
"473","cmsfxyr3o000804lah96mld4u","Fusilli Pasta","Grocery Store (FastKirana Dark Store)","Packaged Foods","packaged-foods","79","140","44","400 g","6","ACTIVE (VISIBLE)","","","cmt74ypjp000004laoi3athcy"
"474","cmt02icm8000004ihrqbsr5si","Kissan Mixed Fruit Jam","Grocery Store (FastKirana Dark Store)","Packaged Foods","packaged-foods","90","90","0","200 g","5","ACTIVE (VISIBLE)","","","cmt74ypjp000004laoi3athcy"
"475","cmqtfrnl0000004jsjt7ydxgp","Kissan Mixed Fruit Jam","Grocery Store (FastKirana Dark Store)","Packaged Foods","packaged-foods","25","25","0","95gm","6","ACTIVE (VISIBLE)","Jam, breakfast","","cmt74ypjp000004laoi3athcy"
"476","cmt027k0f000904l2cw1h05rm","Knorr Soup","Grocery Store (FastKirana Dark Store)","Packaged Foods","packaged-foods","55","55","0","40 g","5","ACTIVE (VISIBLE)","","","cmt74ypjp000004laoi3athcy"
"477","cmsfxhbj7000e04jpquezx1mh","Macaroni","Grocery Store (FastKirana Dark Store)","Packaged Foods","packaged-foods","59","59","0","400 g","5","ACTIVE (VISIBLE)","","","cmt74ypjp000004laoi3athcy"
"478","cmqt9hfjp000004l21h70mkkw","Maggi","Grocery Store (FastKirana Dark Store)","Packaged Foods","packaged-foods","115","120","4","1 Pack (560 gm)","0","ACTIVE (VISIBLE)","late-night","","cmt74ypjp000004laoi3athcy"
"479","cmsgh3rdl000204l70p19seqi","Nutrela Soya Mini Chunks","Grocery Store (FastKirana Dark Store)","Packaged Foods","packaged-foods","47","47","0","200 g","5","ACTIVE (VISIBLE)","","","cmt74ypjp000004laoi3athcy"
"480","cmsfy0b2u000004jo3kn1e5l6","Penne Pasta","Grocery Store (FastKirana Dark Store)","Packaged Foods","packaged-foods","86","132","35","400 g","5","ACTIVE (VISIBLE)","","","cmt74ypjp000004laoi3athcy"
"481","cmsggxjpq000104ld3vt1wph3","Poha","Grocery Store (FastKirana Dark Store)","Packaged Foods","packaged-foods","79","89","11","500 g","5","ACTIVE (VISIBLE)","","","cmt74ypjp000004laoi3athcy"
"482","cmsfx6igt000304jrd8qzc5i6","Quaker Oats","Grocery Store (FastKirana Dark Store)","Packaged Foods","packaged-foods","60","60","0","","6","ACTIVE (VISIBLE)","","","cmt74ypjp000004laoi3athcy"
"483","cmt03g7hl000404ihu5frweun","Saffola Classic Masala Oats","Grocery Store (FastKirana Dark Store)","Packaged Foods","packaged-foods","230","230","0","500 g","9999","ACTIVE (VISIBLE)","","","cmt74ypjp000004laoi3athcy"
"484","cmqtf4qcj000004l22q1v2zyj","Saffola Masala Oats","Grocery Store (FastKirana Dark Store)","Packaged Foods","packaged-foods","250","260","4","550gm","0","ACTIVE (VISIBLE)","breakfast, popular","","cmt74ypjp000004laoi3athcy"
"485","cmseyzs74000104jqeubyjdxg","Saffola Oats","Grocery Store (FastKirana Dark Store)","Packaged Foods","packaged-foods","62","62","0","200 g","6","ACTIVE (VISIBLE)","","","cmt74ypjp000004laoi3athcy"
"486","cmt03hzx7000504jm5628hoxp","Saffola Peppy Tomato Masala Oats","Grocery Store (FastKirana Dark Store)","Packaged Foods","packaged-foods","230","230","0","500 g","1","ACTIVE (VISIBLE)","","","cmt74ypjp000004laoi3athcy"
"487","cmt03h6it000304jmbakyunpb","Saffola Veggie Twist Masala Oats","Grocery Store (FastKirana Dark Store)","Packaged Foods","packaged-foods","230","230","0","500 g","2","ACTIVE (VISIBLE)","","","cmt74ypjp000004laoi3athcy"
"488","cmsfxpff7000404lanot2x4jw","Sewai","Grocery Store (FastKirana Dark Store)","Packaged Foods","packaged-foods","55","55","0","400 g","4","ACTIVE (VISIBLE)","","","cmt74ypjp000004laoi3athcy"
"489","cmrek2k6c000104jr73my2hqm","Veeba Tomato Ketchup","Grocery Store (FastKirana Dark Store)","Packaged Foods","packaged-foods","129","150","14","1 kg","0","ACTIVE (VISIBLE)","","","cmt74ypjp000004laoi3athcy"
"490","cmrek7wd7000004l4vn5tmqhs","Veeba Veg Mayonnaise","Grocery Store (FastKirana Dark Store)","Packaged Foods","packaged-foods","199","225","12","800 g","1","ACTIVE (VISIBLE)","","","cmt74ypjp000004laoi3athcy"
"491","cmqtg8ew2000004l5h39aolgh","Veeba Veg Tandoori Mayonnaise","Grocery Store (FastKirana Dark Store)","Packaged Foods","packaged-foods","35","50","30","15 gm","0","ACTIVE (VISIBLE)","","","cmt74ypjp000004laoi3athcy"
"492","cmqtcqern000004jmvuhlzw4j","Yippee! Noodles","Grocery Store (FastKirana Dark Store)","Packaged Foods","packaged-foods","90","90","0","6 in one pack (436.6 g)","3","ACTIVE (VISIBLE)","late-night","","cmt74ypjp000004laoi3athcy"
"493","cmrefnaa4000104jquhmfplg7","YiPPee! Noodles","Grocery Store (FastKirana Dark Store)","Packaged Foods","packaged-foods","169","180","6","726 g ( 10 individual packs)","2","ACTIVE (VISIBLE)","","","cmt74ypjp000004laoi3athcy"
"494","cmsf23jrd000204jobszmsl4t","Bourn Vita","Grocery Store (FastKirana Dark Store)","Healthy Foods","healthy-foods","263","263","0","500 g","2","ACTIVE (VISIBLE)","","","cmt76olwr000104l18kcelx0i"
"495","cmt038rpx000604ie3rk0ryf1","Chocolate Horlicks","Grocery Store (FastKirana Dark Store)","Healthy Foods","healthy-foods","249","249","0","500 g","1","ACTIVE (VISIBLE)","","","cmt76olwr000104l18kcelx0i"
"496","cmrellgj2000004ie6k7pu2bv","Good Life Roasted Flax Seed","Grocery Store (FastKirana Dark Store)","Healthy Foods","healthy-foods","99","140","29","100 g","1","ACTIVE (VISIBLE)","seeds","","cmt76olwr000104l18kcelx0i"
"497","cmrelj20k000204l6tyc2aljn","Good Life Roasted Pumpkin Seed","Grocery Store (FastKirana Dark Store)","Healthy Foods","healthy-foods","115","120","4","100 g","0","ACTIVE (VISIBLE)","seeds","","cmt76olwr000104l18kcelx0i"
"498","cmrelpiyw000304l5j77plw58","Good Life Roasted Sunflower Seed","Grocery Store (FastKirana Dark Store)","Healthy Foods","healthy-foods","135","140","4","100 g","0","ACTIVE (VISIBLE)","seeds","","cmt76olwr000104l18kcelx0i"
"499","cmrekwz3o000004l5b5q3473s","Good Life Value Almond","Grocery Store (FastKirana Dark Store)","Healthy Foods","healthy-foods","529","550","4","500 g","1","ACTIVE (VISIBLE)","","","cmt76olwr000104l18kcelx0i"
"500","cmrekrbes000004l4kmf0wjl3","Kaju (Good Life W240 Cashew)","Grocery Store (FastKirana Dark Store)","Healthy Foods","healthy-foods","629","645","2","400 g","2","ACTIVE (VISIBLE)","","","cmt76olwr000104l18kcelx0i"
"501","cmqteq1cl000004jrigoj1ysv","Kellogg's Multigrain Chocos","Grocery Store (FastKirana Dark Store)","Healthy Foods","healthy-foods","129","140","8","168 g","1","ACTIVE (VISIBLE)","late-night","","cmt76olwr000104l18kcelx0i"
"502","cmrekl5ex000004ie6e5cozcb","Pista (Roasted & Salted Pistachio)","Grocery Store (FastKirana Dark Store)","Healthy Foods","healthy-foods","749","799","6","400 g","2","ACTIVE (VISIBLE)","","","cmt76olwr000104l18kcelx0i"
"503","cmqtdgum1000104jx7dm5f588","Women's Muesli","Grocery Store (FastKirana Dark Store)","Healthy Foods","healthy-foods","199","350","43","350 g","1","ACTIVE (VISIBLE)","","","cmt76olwr000104l18kcelx0i"
"504","cmqtd3m0b000104l5j8v2fkur","Yogabar Millet Museli","Grocery Store (FastKirana Dark Store)","Healthy Foods","healthy-foods","239","285","16","450 g","1","HIDDEN (OFF)","","","cmt76olwr000104l18kcelx0i"